-- Catalogos base y bootstrap minimo del sistema.

CREATE EXTENSION IF NOT EXISTS pgcrypto;
CREATE SCHEMA IF NOT EXISTS milab;
SET search_path TO milab;

DO $$
BEGIN
    IF NOT EXISTS (SELECT 1 FROM facultad) THEN
        INSERT INTO facultad (facultad_id, nombre, activo) VALUES
            (23, 'FACULTAD DEL MEDIO AMBIENTE Y RECURSOS NATURALES', TRUE),
            (24, 'FACULTAD DE CIENCIAS Y EDUCACION', TRUE),
            (32, 'FACULTAD DE TECNOLOGIA - POLITECNICA / TECNOLOGICA', TRUE),
            (33, 'FACULTAD DE INGENIERIA', TRUE),
            (41, 'FACULTAD DE CIENCIAS MATEMATICAS Y NATURALES', TRUE),
            (42, 'FACULTAD DE CIENCIAS DE LA SALUD', TRUE),
            (101, 'FACULTAD DE ARTES-ASAB', TRUE);

        PERFORM setval(
            pg_get_serial_sequence('facultad', 'facultad_id'),
            (SELECT MAX(facultad_id) FROM facultad)
        );
    END IF;
END $$;

DO $$
BEGIN
    IF NOT EXISTS (SELECT 1 FROM ual) THEN
        INSERT INTO ual (nombre, codigo_abreviacion, sal_ocupantes, sal_id_espacio, facultad_id, activo)
        VALUES
            ('COMITÉ DE CURRICULO Y CREACIÓN', NULL, '6', 'FAAS010103', 101, TRUE),
            ('TALLER DE IMAGEN ESCENICA', NULL, '20', 'FASO01S112', 101, TRUE),
            ('SALON 1', NULL, '40', 'FASO01S113', 101, TRUE),
            ('SALON 2', NULL, '30', 'FASO01S114', 101, TRUE),
            ('SALON 3', NULL, '40', 'FASO01S116', 101, TRUE),
            ('SALON J-5 A', NULL, '5', 'FASO01S117', 101, TRUE),
            ('SALON J-3', NULL, '33', 'FASO01S119', 101, TRUE),
            ('SALON J-2', NULL, '25', 'FASO01S121', 101, FALSE),
            ('SALON J-1', NULL, '32', 'FASO01S122', 101, TRUE),
            ('TEATRINO', NULL, '57', 'FASO01S127', 101, TRUE),
            ('SALA DE INFORMÁTICA', NULL, '8', 'FALC010107', 101, TRUE),
            ('SALON 104', NULL, '13', 'FALC010109', 101, TRUE),
            ('AUDITORIO', NULL, '83', 'FALC010111', 101, TRUE),
            ('SALON 102', NULL, '21', 'FALC010117', 101, TRUE),
            ('SALON DE BAJO', NULL, '11', 'FALC010201', 101, TRUE),
            ('SALON 201', NULL, '20', 'FALC010202', 101, TRUE),
            ('SALON 207', NULL, '13', 'FALC010209', 101, TRUE),
            ('SALON 206', NULL, '12', 'FALC010211', 101, TRUE),
            ('SALON 205', NULL, '7', 'FALC010212', 101, TRUE),
            ('SALON 204', NULL, '15', 'FALC010213', 101, TRUE),
            ('SALON DE PERCUSIÓN', NULL, '19', 'FALC010303', 101, TRUE),
            ('SALON 301', NULL, '21', 'FALC010305', 101, TRUE),
            ('SALON 302', NULL, '13', 'FALC010306', 101, TRUE),
            ('SALA ACCESS GRID', NULL, '14', 'FICC030101', 33, FALSE),
            ('LABORATORIO FOTOGRAMETRÍA Y CARTOGRAFÍA', NULL, '25', 'FICC030102', 33, TRUE),
            ('AULA 103', NULL, '33', 'FICC030105', 33, TRUE),
            ('AULA 104', NULL, '29', 'FICC030114', 33, TRUE),
            ('AULA 105', NULL, '43', 'FICC030116', 33, TRUE),
            ('AULA 107', NULL, '42', 'FICC030117', 33, TRUE),
            ('OFICINA ILUD', NULL, '0', 'FICC030118', 33, TRUE),
            ('AULA 207', NULL, '32', 'FICC030201', 33, TRUE),
            ('AULA 210', NULL, '34', 'FICC030203', 33, TRUE),
            ('AULA 206', NULL, '28', 'FICC030204', 33, TRUE),
            ('AULA 208', NULL, '22', 'FICC030205', 33, TRUE),
            ('AULA 211', NULL, '28', 'FICC030206', 33, TRUE),
            ('AULA 205', NULL, '29', 'FICC030213', 33, TRUE),
            ('AULA 202', NULL, '32', 'FICC030214', 33, TRUE),
            ('AULA 201', NULL, '29', 'FICC030215', 33, TRUE),
            ('AULA 204', NULL, '39', 'FICC030216', 33, TRUE),
            ('AULA 203', NULL, '43', 'FICC030217', 33, TRUE),
            ('AULA 309', NULL, '32', 'FICC030301', 33, TRUE),
            ('AULA 308', NULL, '26', 'FICC030302', 33, TRUE),
            ('AULA 307', NULL, '34', 'FICC030303', 33, TRUE),
            ('AULA 310', NULL, '28', 'FICC030304', 33, TRUE),
            ('AULA 311', NULL, '17', 'FICC030305', 33, TRUE),
            ('AULA 304', NULL, '29', 'FICC030315', 33, TRUE),
            ('SALA DE JUNTAS UNIDAD DE EXTENSIÓN', NULL, '23', 'FICC030321', 33, FALSE),
            ('CECAD', NULL, '25', 'FICC040101', 33, TRUE),
            ('LABORATORIO DE TECNOLOGÍAS LIBRES - GICOGE', NULL, '7', 'FICC040202', 33, TRUE),
            ('AULA 206', NULL, '57', 'FICC020204', 33, TRUE),
            ('AULA 205', NULL, '62', 'FICC020205', 33, TRUE),
            ('AULA 204', NULL, '70', 'FICC020206', 33, TRUE),
            ('AULA 203', NULL, '57', 'FICC020212', 33, TRUE),
            ('AULA 202', NULL, '64', 'FICC020213', 33, TRUE),
            ('AULA 201', NULL, '51', 'FICC020214', 33, TRUE),
            ('SALA DE INFORMATICA 312', NULL, '25', 'FICC020304', 33, TRUE),
            ('AULA 311', NULL, '24', 'FICC020305', 33, TRUE),
            ('ARCHIVO', NULL, '38', 'FICC020306', 33, TRUE),
            ('AULA 309', NULL, '32', 'FICC020307', 33, FALSE),
            ('AULA 308', NULL, '40', 'FICC020311', 33, TRUE),
            ('AULA 307', NULL, '38', 'FICC020312', 33, TRUE),
            ('SALA DE INFORMATICA 306', NULL, '30', 'FICC020313', 33, TRUE),
            ('AULA 305', NULL, '30', 'FICC020314', 33, TRUE),
            ('AULA 304', NULL, '70', 'FICC020315', 33, TRUE),
            ('AULA 302', NULL, '64', 'FICC020321', 33, TRUE),
            ('AULA 301', NULL, '51', 'FICC020322', 33, TRUE),
            ('SALA DE INFORMATICA 412', NULL, '25', 'FICC020404', 33, TRUE),
            ('LABORATORIO FISICA 1', NULL, '24', 'FICC020405', 33, TRUE),
            ('AULA 407', NULL, '32', 'FICC020411', 33, FALSE),
            ('SALA DE INFORMATICA 406', NULL, '31', 'FICC020412', 33, TRUE),
            ('AULA 405', NULL, '62', 'FICC020413', 33, TRUE),
            ('AULA 404', NULL, '70', 'FICC020414', 33, TRUE),
            ('AULA 403', NULL, '57', 'FICC020419', 33, TRUE),
            ('AULA 401', NULL, '51', 'FICC020421', 33, TRUE),
            ('SALA DE INFORMATICA 500', NULL, '21', 'FICC020504', 33, TRUE),
            ('SALA 500', NULL, '23', 'FICC020505', 33, FALSE),
            ('LABORATORIO DE FISICA 03', NULL, '18', 'FICC020506', 33, TRUE),
            ('LABORATORIO DE FISICA 02', NULL, '18', 'FICC020507', 33, TRUE),
            ('SALA DE INFORMATICA 508', NULL, '24', 'FICC020508', 33, TRUE),
            ('SALA DE INFORMATICA 506', NULL, '24', 'FICC020513', 33, TRUE),
            ('AULA CONVENCIONAL 4A', NULL, '44', 'FCMAB40101', 24, TRUE),
            ('AULA CONVENCIONAL 4B', NULL, '44', 'FCMAB40201', 24, TRUE),
            ('LABORATORIO DE FISICA 5A', NULL, '24', 'FCMAB50101', 24, TRUE),
            ('LABORATORIO DE FISICA 5B', NULL, '24', 'FCMAB50201', 24, TRUE),
            ('LABORATORIO DE FISICA 5C', NULL, '24', 'FCMAB50102', 24, TRUE),
            ('LABORATORIO DE FISICA 5D', NULL, '24', 'FCMAB50202', 24, TRUE),
            ('LABORATORIO DE FISICA 6A', NULL, '24', 'FCMAB60101', 24, TRUE),
            ('LABORATORIO DE FISICA 6B', NULL, '24', 'FCMAB60201', 24, TRUE),
            ('LABORATORIO DE FISICA 6C', NULL, '24', 'FCMAB60102', 24, TRUE),
            ('AULA CONVENCIONAL 7A', NULL, '44', 'FCMAB70101', 24, TRUE),
            ('AULA CONVENCIONAL 7B', NULL, '44', 'FCMAB70201', 24, TRUE),
            ('LABORATORIO DE FISICA 8A', NULL, '24', 'FCMAB80101', 24, TRUE),
            ('LABORATORIO DE FISICA 8B', NULL, '24', 'FCMAB80201', 24, TRUE),
            ('AULA CONVENCIONAL 9A', NULL, '35', 'FCMAB90101', 24, TRUE),
            ('AULA CONVENCIONAL 9B', NULL, '35', 'FCMAB90201', 24, TRUE),
            ('AULA CONVENCIONAL 10A', NULL, '35', 'FCMAB100101', 24, TRUE),
            ('AULA CONVENCIONAL 10B', NULL, '35', 'FCMAB100201', 24, TRUE),
            ('LABORATORIO HERBARIO', NULL, '25', 'FCMB01SS03', 24, TRUE),
            ('ENTOMOLOGÍA', NULL, '6', 'FCMB01SS04', 24, TRUE),
            ('LABORATORIO DE BIODIVERSIDAD', NULL, '25', 'FCMB01SS06', 24, TRUE),
            ('AUDITORIO', NULL, '40', 'FCMB010104', 24, TRUE),
            ('RESONANCIA MAGNÉTICA NUCLEAR', NULL, '4', 'FCMB010113', 24, TRUE),
            ('LABORATORIO DE FITOQUÍMICA', NULL, '25', 'FCMB010202', 24, TRUE),
            ('BIOTECNOLOGÍA VEGETAL', NULL, '13', 'FCMB010205', 24, TRUE),
            ('LABORATORIO TECNOLOGÍA MOLECULAR', NULL, '25', 'FCMB010207', 24, TRUE),
            ('BIOLOGÍA BIOMOLECULAR', NULL, '12', 'FCMB010208', 24, TRUE),
            ('LABORATORIO PROTEÓMICA', NULL, '25', 'FCMB010209', 24, TRUE),
            ('LABORATORIO DE MUTAGENESIS (GRUPO DE INVESTIGACIÓN BIOMOL C.)', NULL, '18', 'FCMB010210', 24, TRUE),
            ('LABORATORIO QUÍMICA 2', NULL, '25', 'FCMB010212', 24, TRUE),
            ('LABORATORIO QUÍMICA 1', NULL, '25', 'FCMB010213', 24, TRUE),
            ('LABORATORIO QUÍMICA 5', NULL, '25', 'FCMB010302', 24, TRUE),
            ('LABORATORIO BIOLOGÍA 2', NULL, '25', 'FCMB010309', 24, TRUE),
            ('LABORATORIO BIOLOGÍA 3', NULL, '25', 'FCMB010310', 24, TRUE),
            ('LABORATORIO BIOLOGÍA 1', NULL, '25', 'FCMB010313', 24, TRUE),
            ('ANÁLISIS DE AGUA', NULL, '25', 'FCMB010314', 24, TRUE),
            ('SÍNTESIS ORGÁNICA', NULL, '25', 'FCMB010318', 24, TRUE),
            ('INSTRUMENTAL N° 3', NULL, '25', 'FCMB010319', 24, TRUE),
            ('CARBONES', NULL, '12', 'FCMB010320', 24, TRUE),
            ('LABORATORIO SÍNTESIS ORGÁNICA', NULL, '25', 'FCMB010401', 24, TRUE),
            ('LABORATORIO DE BIOLOGÍA 4', NULL, '25', 'FCMB010411', 24, TRUE),
            ('LABORATORIO NEUROCIENCIAS', NULL, '19', 'FCMB010412', 24, TRUE),
            ('LABORATORIO MICROBIOLOGÍA ANÁLISIS DE AGUA', NULL, '12', 'FCMB010413', 24, TRUE),
            ('AULA DE INFORMÁTICA', NULL, '25', 'FCMB010415', 24, TRUE),
            ('INSTRUMENTAL N° 2', NULL, '21', 'FCMB010416', 24, TRUE),
            ('SÍNTESIS ORGÁNICA', NULL, '12', 'FCMB010420', 24, TRUE),
            ('INSTRUMENTAL N° 1', NULL, '30', 'FCMB010421', 24, TRUE),
            ('AULA 205', NULL, '18', 'FCMB020204', 24, FALSE),
            ('AULA 205', NULL, '25', 'FCMB020205', 24, TRUE),
            ('AULA 207', NULL, '30', 'FCMB020207', 24, TRUE),
            ('AULA 208', NULL, '30', 'FCMB020208', 24, TRUE),
            ('GRUPO Y SEMILLERO DE INVESTIGACION BIOLOGIA ENSE¿NZA Y REALIDADES BER', NULL, '10', 'FCMB020303', 24, TRUE),
            ('GRUPO DE INVESTIGACION INVAUCOL', NULL, '10', 'FCMB020304', 24, TRUE),
            ('AULA MULTIMEDIA', NULL, '40', 'FCMB020305', 24, TRUE),
            ('AULA 302', NULL, '22', 'FCMB020306', 24, TRUE),
            ('Grupo y Semillero De Investigaci¿n Biolog¿Ense¿anza y Realidades BER', NULL, '6', 'FCMB020307', 24, TRUE),
            ('SALA DE INFORMÁTICA', NULL, '35', 'FCMB020406', 24, TRUE),
            ('GRUPO DE INVESTIGACION GICA - GRUPO DE INVESTIGACION FIACIBI', NULL, '4', 'FCMB020408', 24, TRUE),
            ('AULA 501', NULL, '30', 'FCMB020501', 24, TRUE),
            ('TALLER DE PAPEL', NULL, '25', 'FAAS01S149', 101, TRUE),
            ('SALON A 105', NULL, '15', 'FAAS010140', 101, TRUE),
            ('SALON MUSICA 237', NULL, '17', 'FAAS010233', 101, TRUE),
            ('SALON 312', NULL, '40', 'FAAS010317', 101, TRUE),
            ('SALON J-4', NULL, '39', 'FASO01S118', 101, TRUE),
            ('AULA 307', NULL, '32', 'FCMA010331', 24, FALSE),
            ('AULA CONVENCIONAL 1A', NULL, '44', 'FCMAB10101', 24, TRUE),
            ('LABORATORIO DE FISICA 6D', NULL, '24', 'FCMAB60202', 24, TRUE),
            ('AULA 503', NULL, '33', 'FMVI050509', 23, TRUE),
            ('AULA 502', NULL, '38', 'FMVI050510', 23, TRUE),
            ('AULA 501', NULL, '30', 'FMVI050511', 23, TRUE),
            ('LABORATORIO FISIOLOGÍA VEGETAL', NULL, '6', 'FMVI060102', 23, TRUE),
            ('SALA DE MÚSICA', NULL, '30', 'FMVI070111', 23, TRUE),
            ('AULA DE CLASE', NULL, '29', 'FMVI070112', 23, TRUE),
            ('AULA 102', NULL, '36', 'FMCT010102', 23, FALSE),
            ('SALA DE INFORMATICA', NULL, '13', 'FMCT010104', 23, FALSE),
            ('AULA 201', NULL, '29', 'FMCT010201', 23, TRUE),
            ('AULA 202', NULL, '29', 'FMCT010202', 23, TRUE),
            ('AULA 203', NULL, '34', 'FMCT010203', 23, TRUE),
            ('AULA 302', NULL, '37', 'FMCT010301', 23, FALSE),
            ('AULA 302', NULL, '30', 'FMCT010302', 23, TRUE),
            ('AULA 402', NULL, '31', 'FMCT010401', 23, FALSE),
            ('AULA 402', NULL, '45', 'FMCT010402', 23, TRUE),
            ('PERCUSIÓN ENSAMBLE', NULL, '17', 'FAAS01S105', 101, TRUE),
            ('VITRALES A010', NULL, '35', 'FAAS01S106', 101, TRUE),
            ('SALÓN DE PERCUSIÓN', NULL, '9', 'FAAS01S109', 101, TRUE),
            ('TALLER DE MADERA', NULL, '14', 'FAAS01S110', 101, FALSE),
            ('TALLER DE MADERA', NULL, '23', 'FAAS01S111', 101, FALSE),
            ('TALLER DE MADERA', NULL, '25', 'FAAS01S112', 101, TRUE),
            ('TALLER DE CERÁMICA B016', NULL, '25', 'FAAS01S114', 101, TRUE),
            ('HORNOS', NULL, '20', 'FAAS01S115', 101, TRUE),
            ('TALLER DE GRABADO', NULL, '25', 'FAAS01S116', 101, TRUE),
            ('TALLER DE LITOGRAFÍA', NULL, '25', 'FAAS01S118', 101, TRUE),
            ('TALLER DE METALES', NULL, '25', 'FAAS01S123', 101, TRUE),
            ('SALÓN S-37', NULL, '12', 'FAAS01S127', 101, TRUE),
            ('SALÓN S-38', NULL, '11', 'FAAS01S128', 101, TRUE),
            ('SALÓN S-40', NULL, '17', 'FAAS01S130', 101, TRUE),
            ('SALÓN S-33', NULL, '19', 'FAAS01S133', 101, TRUE),
            ('SALÓN S-34', NULL, '13', 'FAAS01S134', 101, TRUE),
            ('SALÓN 026', NULL, '40', 'FAAS01S147', 101, TRUE),
            ('TALLER DE MOLDES', NULL, '25', 'FAAS01S148', 101, TRUE),
            ('LABORATORIO DE FOTOGRAFÍA', NULL, '25', 'FAAS01S154', 101, TRUE),
            ('SALON 106', NULL, '15', 'FAAS010104', 101, TRUE),
            ('SALON A 108', NULL, '36', 'FAAS010105', 101, TRUE),
            ('SALON A 109 SERIGRAFÍA', NULL, '40', 'FAAS010106', 101, TRUE),
            ('SALON 110 TALLER TRIDIMENSIONAL', NULL, '40', 'FAAS010108', 101, TRUE),
            ('SALON B 111', NULL, '30', 'FAAS010111', 101, TRUE),
            ('TALLER DE VIDEO', NULL, '11', 'FAAS010112', 101, TRUE),
            ('SALON B 112 - SALA DIGITAL', NULL, '36', 'FAAS010113', 101, TRUE),
            ('SALON C 115', NULL, '40', 'FAAS010114', 101, TRUE),
            ('SALON C 114', NULL, '40', 'FAAS010115', 101, TRUE),
            ('SALÓN MÚSICA 140', NULL, '14', 'FAAS010128', 101, TRUE),
            ('SALÓN MÚSICA 138', NULL, '17', 'FAAS010129', 101, TRUE),
            ('TEATRINO SALON A 125', NULL, '50', 'FAAS010135', 101, TRUE),
            ('SALON 102', NULL, '40', 'FAAS010138', 101, TRUE),
            ('SALON 103', NULL, '33', 'FAAS010139', 101, TRUE),
            ('SALON DE INFORMÁTICA A 103', NULL, '18', 'FAAS010141', 101, TRUE),
            ('SALA DE SISTEMAS PROFESORES', NULL, '7', 'FAAS010201', 101, TRUE),
            ('SALON 207', NULL, '32', 'FAAS010203', 101, TRUE),
            ('SALON 208', NULL, '36', 'FAAS010205', 101, TRUE),
            ('SALON B 210', NULL, '40', 'FAAS010210', 101, TRUE),
            ('SALON B 211', NULL, '40', 'FAAS010211', 101, TRUE);

        INSERT INTO ual (nombre, codigo_abreviacion, sal_ocupantes, sal_id_espacio, facultad_id, activo)
        VALUES
            ('SALON B 212', NULL, '40', 'FAAS010212', 101, TRUE),
            ('SALON DE PERCUSIÓN', NULL, '26', 'FAAS010213', 101, TRUE),
            ('SALON C 219', NULL, '24', 'FAAS010214', 101, TRUE),
            ('CENTRO DE PRODUCCIÓN AUDIOVISUAL', NULL, '24', 'FAAS010215', 101, TRUE),
            ('SALON DE MUSICA C 217', NULL, '15', 'FAAS010216', 101, TRUE),
            ('SALON DE MUSICA C 216', NULL, '16', 'FAAS010217', 101, TRUE),
            ('SALON DE MUSICA C 215', NULL, '9', 'FAAS010218', 101, TRUE),
            ('SALON DE MUSICA C 214', NULL, '8', 'FAAS010220', 101, TRUE),
            ('SALON MUSICA 240', NULL, '14', 'FAAS010230', 101, TRUE),
            ('SALON MUSICA 234', NULL, '27', 'FAAS010236', 101, TRUE),
            ('SALON MUSICA 233', NULL, '10', 'FAAS010237', 101, TRUE),
            ('SALON MUSICA 232', NULL, '32', 'FAAS010238', 101, TRUE),
            ('AUDITORIO SAMUEL BEDOYA', NULL, '105', 'FAAS010250', 101, TRUE),
            ('SALON DE PIANO 205', NULL, '15', 'FAAS010252', 101, TRUE),
            ('SALON 302', NULL, '40', 'FAAS010301', 101, TRUE),
            ('SALON 303', NULL, '40', 'FAAS010302', 101, TRUE),
            ('SALON 309', NULL, '40', 'FAAS010305', 101, TRUE),
            ('SALON 308 A - PROYECTOS DE GRADO', NULL, '25', 'FAAS010306', 101, TRUE),
            ('SALÓN 308 B - CONSERJERÍA', NULL, '13', 'FAAS010308', 101, TRUE),
            ('SALON 310', NULL, '40', 'FAAS010310', 101, TRUE),
            ('SALON DE MUSICA M 17', NULL, '40', 'FAAS010312', 101, TRUE),
            ('SALON DE MUSICA M 16', NULL, '40', 'FAAS010315', 101, TRUE),
            ('LABORATORIO ALTAMENTE AUTOMATIZADO HAS-200', NULL, '25', 'FTTE030307', 32, TRUE),
            ('LABORATORIO ALTAMENTE AUTOMATIZADO FMS-200', NULL, '25', 'FTTE030308', 32, TRUE),
            ('AULA 101', NULL, '39', 'FTTE060103', 32, TRUE),
            ('AULA 102', NULL, '39', 'FTTE060104', 32, TRUE),
            ('AULA 103', NULL, '39', 'FTTE060105', 32, TRUE),
            ('AULA 104', NULL, '39', 'FTTE060109', 32, TRUE),
            ('AULA 105', NULL, '39', 'FTTE060108', 32, TRUE),
            ('AULA 106', NULL, '39', 'FTTE060107', 32, TRUE),
            ('AULA 201', NULL, '39', 'FTTE060201', 32, TRUE),
            ('AULA 202', NULL, '39', 'FTTE060202', 32, TRUE),
            ('AULA 203', NULL, '39', 'FTTE060203', 32, TRUE),
            ('AULA 204', NULL, '39', 'FTTE060204', 32, TRUE),
            ('AULA 206', NULL, '39', 'FTTE060206', 32, TRUE),
            ('LABORATORIO DE BOMBAS', NULL, '25', 'FTTE080102', 32, TRUE),
            ('TALLER DE SOLDADURA', NULL, '25', 'FTTE080103', 32, TRUE),
            ('LABORATORIO DE TRATAMIENTOS', NULL, '17', 'FTTE080123', 32, TRUE),
            ('LABORATORIO DE POLÍMEROS Y PLÁSTICOS', NULL, '17', 'FTTE080124', 32, TRUE),
            ('AULA 201', NULL, '40', 'FTTE080202', 32, TRUE),
            ('ADMINISTRACIÓN Y PRESTAMO', NULL, '0', 'FTTE080203', 32, FALSE),
            ('AULA 202', NULL, '40', 'FTTE080204', 32, TRUE),
            ('SALON 2', NULL, '7', 'FTTE080205', 32, TRUE),
            ('SALÓN 1', NULL, '10', 'FTTE080206', 32, TRUE),
            ('SALÓN 2', NULL, '0', 'FTTE080207', 32, FALSE),
            ('SALA DE AUTOAPRENDIZAJE', NULL, '20', 'FTTE080208', 32, TRUE),
            ('SALA MULTIMEDIA', NULL, '20', 'FTTE080210', 32, FALSE),
            ('AULA MÚLTIPLE 2', NULL, '40', 'FTTE080211', 32, TRUE),
            ('AULA DE INFORMÁTICA 1', NULL, '30', 'FTTE080219', 32, TRUE),
            ('AULA DE INFORMÁTICA 2', NULL, '30', 'FTTE080221', 32, TRUE),
            ('LABORATORIO APLICADO DE MÁQUINAS ELÉCTRICAS', NULL, '25', 'FTTE080222', 32, TRUE),
            ('LABORATORIO APLICADO DE CIRCUITOS ELECTRÓNICA Y CONTROL', NULL, '25', 'FTTE080226', 32, TRUE),
            ('SALA DE INFORMÁTICA 4', NULL, '25', 'FTTE090202', 32, TRUE),
            ('SALA DE INFORMÁTICA 5', NULL, '25', 'FTTE090203', 32, TRUE),
            ('SALA DE INFORMÁTICA 6', NULL, '25', 'FTTE090204', 32, TRUE),
            ('SALA DE INFORMÁTICA 7', NULL, '25', 'FTTE090206', 32, TRUE),
            ('SALA COMPUTADORES PROFESORES', NULL, '0', 'FTTE090310', 32, TRUE),
            ('LABORATORIO DE MADERAS', NULL, '25', 'FMVI010105', 23, TRUE),
            ('LABORATORIO DE SANIDAD FORESTAL', NULL, '25', 'FMVI010110', 23, TRUE),
            ('LABORATORIO DE BIOLOGÍA', NULL, '25', 'FMVI010111', 23, TRUE),
            ('LABORATORIO DE SUELOS', NULL, '20', 'FMVI020107', 23, TRUE),
            ('AUDITORIO ESCENARIO', NULL, '0', 'FMVI040104', 23, FALSE),
            ('SALA 1', NULL, '16', 'FMVI040201', 23, TRUE),
            ('SALA 2', NULL, '22', 'FMVI040202', 23, TRUE),
            ('SALA 3', NULL, '19', 'FMVI040203', 23, TRUE),
            ('SALA 4', NULL, '16', 'FMVI040204', 23, TRUE),
            ('AULA 105', NULL, '38', 'FMVI050115', 23, TRUE),
            ('AULA 104', NULL, '33', 'FMVI050116', 23, TRUE),
            ('AULA 103', NULL, '33', 'FMVI050117', 23, TRUE),
            ('AULA 102', NULL, '33', 'FMVI050118', 23, TRUE),
            ('AULA 101', NULL, '38', 'FMVI050119', 23, TRUE),
            ('LABORATORIO DE QUÍMICA', NULL, '20', 'FMVI050125', 23, TRUE),
            ('LABORATORIO CALIDAD DE AGUAS', NULL, '20', 'FMVI050127', 23, TRUE),
            ('LABORATORIO DE MICROBIOLOGIA Y BIOPROSPECCION MEDIOAMBIENTAL', NULL, '20', 'FMVI050129', 23, TRUE),
            ('AULA 205', NULL, '38', 'FMVI050215', 23, TRUE),
            ('AULA 204', NULL, '33', 'FMVI050216', 23, TRUE),
            ('AULA 203', NULL, '33', 'FMVI050217', 23, TRUE),
            ('AULA 202', NULL, '33', 'FMVI050218', 23, TRUE),
            ('AULA 201', NULL, '38', 'FMVI050219', 23, TRUE),
            ('LABORATORIO DE CARTOGRAFIA', NULL, '19', 'FMVI050225', 23, TRUE),
            ('LABORATORIO DE SILVICULTURA', NULL, '15', 'FMVI050227', 23, TRUE),
            ('LABORATORIO DE INVESTIGACION Y CROMATOGRAFO DE GASES', NULL, '15', 'FMVI050229', 23, TRUE),
            ('AULA 305', NULL, '38', 'FMVI050309', 23, TRUE),
            ('AULA 304', NULL, '33', 'FMVI050310', 23, TRUE),
            ('AULA 303', NULL, '33', 'FMVI050311', 23, TRUE),
            ('AULA 302', NULL, '33', 'FMVI050312', 23, TRUE),
            ('AULA 301', NULL, '38', 'FMVI050313', 23, TRUE),
            ('LABORATORIO DE FOTOINTERPRETACION', NULL, '25', 'FMVI050314', 23, TRUE),
            ('AULA 406', NULL, '38', 'FMVI050411', 23, TRUE),
            ('AULA 405', NULL, '33', 'FMVI050412', 23, TRUE),
            ('AULA 403', NULL, '33', 'FMVI050414', 23, TRUE),
            ('AULA 402', NULL, '38', 'FMVI050415', 23, TRUE),
            ('AULA 401', NULL, '30', 'FMVI050416', 23, TRUE),
            ('SALA MÚLTIPLE', NULL, '40', 'FMVI050502', 23, TRUE),
            ('AULA 506', NULL, '38', 'FMVI050506', 23, TRUE),
            ('AULA 505', NULL, '33', 'FMVI050507', 23, TRUE),
            ('AULA 504', NULL, '33', 'FMVI050508', 23, TRUE),
            ('AULA 205', NULL, '39', 'FTTE060205', 32, TRUE),
            ('AULA MÚLTIPLE 1', NULL, '40', 'FTTE080212', 32, TRUE),
            ('SALA DE EXPOSICIONES D 230', NULL, '0', 'FAAS010248', 101, TRUE),
            ('SALON 307', NULL, '40', 'FAAS010304', 101, TRUE),
            ('SALON 311', NULL, '40', 'FAAS010316', 101, TRUE),
            ('SALON 301', NULL, '40', 'FAAS010319', 101, TRUE),
            ('AUDITORIO PRINCIPAL', NULL, '120', 'FASO01S144', 101, TRUE),
            ('AUDITORIO', NULL, '350', 'FCMA010324', 24, FALSE),
            ('AULA 106', NULL, '45', 'FCMB010106', 24, TRUE),
            ('LAB. DIDACT', NULL, '40', 'FCMB020508', 24, TRUE),
            ('AUDITORIO', NULL, '160', 'FICC02S208', 33, TRUE),
            ('AUDITORIO', NULL, '112', 'FMVI040103', 23, TRUE),
            ('CARPINTERÍA', NULL, '25', 'FMVI080103', 23, TRUE),
            ('TALLER DE MECÁNICA', NULL, '25', 'FTTE080125', 32, TRUE),
            ('AULA INFORMATICA POSTGRADOS 201', NULL, '30', 'FCPO010203', 24, TRUE),
            ('AULA DE INFORMATICA POSTGRADOS 202', NULL, '30', 'FCPO010204', 24, TRUE),
            ('AULA 403', NULL, '40', 'FCPO010405', 24, TRUE),
            ('ESP. GESAMB', NULL, '3', 'FCPO010406', 24, TRUE),
            ('AULA 405', NULL, '30', 'FCPO010407', 24, TRUE),
            ('SALA DE AUDIOVISUALES', NULL, '40', 'FCPO010409', 24, TRUE),
            ('AULA 501', NULL, '28', 'FCPO010503', 24, TRUE),
            ('AULA 502', NULL, '22', 'FCPO010504', 24, TRUE),
            ('AULA 503', NULL, '40', 'FCPO010505', 24, TRUE),
            ('AULA 504', NULL, '30', 'FCPO010506', 24, TRUE),
            ('AULA 505', NULL, '30', 'FCPO010507', 24, TRUE),
            ('AULA 506', NULL, '20', 'FCPO010508', 24, TRUE),
            ('AULA 507', NULL, '45', 'FCPO010509', 24, TRUE),
            ('AULA 509', NULL, '35', 'FCPO010510', 24, TRUE),
            ('AULA 508', NULL, '26', 'FCPO010511', 24, TRUE),
            ('AULA DE INFORMATICA POSTGRADOS', NULL, '30', 'FCPO010605', 24, TRUE),
            ('SALA DE AUDIOVISUALES 707', NULL, '40', 'FCPO010709', 24, TRUE),
            ('AULA DANZA 01', NULL, '18', 'FAIC010801', 101, TRUE),
            ('AULA DANZA 02', NULL, '18', 'FAIC010802', 101, TRUE),
            ('AULA DANZA 03', NULL, '18', 'FAIC010803', 101, TRUE),
            ('AULA DANZA 04', NULL, '18', 'FAIC010804', 101, TRUE),
            ('AULA 1', NULL, '30', 'FATC010101', 101, TRUE),
            ('AULA 1', NULL, '30', 'FATF010101', 101, TRUE),
            ('AULA 1', NULL, '30', 'FAUS010101', 101, TRUE),
            ('AULA 2', NULL, '30', 'FAUS010102', 101, TRUE),
            ('AULA 3', NULL, '30', 'FAUS010103', 101, TRUE),
            ('AULA 4', NULL, '30', 'FAUS010104', 101, TRUE),
            ('AULA 302', NULL, '37', 'FMCT010309', 23, FALSE),
            ('LABORATORIO DE ESTRUCTURA', NULL, '25', 'FTTE030114', 32, TRUE),
            ('LABORATORIO DE HIDRAÚLICA', NULL, '25', 'FTTE030116', 32, TRUE),
            ('SALA DE SOFTWARE APLICADO INGENIERÍA CIVIL Y CONSTRUCCIONES CIVILES', NULL, '20', 'FTTE03ME03', 32, TRUE),
            ('SALÓN 105', NULL, '20', 'FTTE03ME04', 32, TRUE),
            ('CUARTO OSCURO', NULL, '8', 'FTTE030202', 32, TRUE),
            ('LABORATORIO DE CIRCUITOS IMPRESOS', NULL, '25', 'FTTE030207', 32, TRUE),
            ('LABORATORIO QUÍMICA BÁSICA', NULL, '25', 'FTTE030211', 32, TRUE),
            ('LABORATORIO FÍSICA MECÁNICA, ELECTROMECÁNICA Y TERMODINÁMICA LCB - FT - 01', NULL, '25', 'FTTE030213', 32, TRUE),
            ('LABORATORIO GEIO', NULL, '25', 'FTTE030303', 32, TRUE),
            ('SALA DE SOFTWARE ESPECIALIZADO', NULL, '25', 'FTTE030304', 32, TRUE),
            ('SALA DE SOFTWARE CIENCIAS BÁSICAS', NULL, '30', 'FTTE030305', 32, TRUE),
            ('COORDINACIÓN DE LABORATORIOS', NULL, '2', 'FAAS010109', 101, TRUE),
            ('UNIDAD DE EXTENSIÓN', NULL, '3', 'FAAS010124', 101, TRUE),
            ('CENTRO DE DOCUMENTACIÓN  "GABRIEL ESQUINAS"', NULL, NULL, 'FAAS010132', 101, TRUE),
            ('COLECCIÓN CENTRO DE DOCUMENTACIÓN', NULL, NULL, 'FAAS010133', 101, TRUE),
            ('SECRETARÍA ACADÉMICA', NULL, '2', 'FAAS010204', 101, TRUE),
            ('SALA DE PROFESORES', NULL, NULL, 'FAAS010206', 101, TRUE),
            ('INVESTIGACIÓN Y CREACIÓN - REVISTA CALLE 14', NULL, '5', 'FAAS010207', 101, TRUE),
            ('COORDINACIÓN DE AUTOEVALUACIÓN Y ACREDITACIÓN', NULL, '5', 'FAAS010208', 101, TRUE),
            ('DECANATURA', NULL, '2', 'FAAS010222', 101, TRUE),
            ('SALA DE JUNTAS', NULL, '12', 'FAAS010224', 101, TRUE),
            ('SECRETARÍA Y ASISTENCIA DECANATURA', NULL, '4', 'FAAS010227', 101, TRUE),
            ('COORDINACIÓN MAESTRÍA EN ESTUDIOS ARTÍSTICOS', NULL, '2', 'FAAS010239', 101, TRUE),
            ('COORDINACIÓN ARTES ESCÉNICAS', NULL, '5', 'FAAS010240', 101, TRUE),
            ('COORDINACIÓN ARTES PLÁSTICAS Y VISUALES', NULL, '4', 'FAAS010241', 101, TRUE),
            ('SALA DE JUNTAS', NULL, '6', 'FAAS010243', 101, TRUE),
            ('OFICINA ARTE DANZARIO', NULL, '3', 'FAAS010244', 101, TRUE),
            ('COORDINACIÓN ARTES MUSICALES', NULL, '6', 'FAAS010245', 101, TRUE),
            ('COMITÉ DE ESPACIOS', NULL, '1', 'FAAS010246', 101, TRUE),
            ('OFICINA SALA DE EXPOSICIONES', NULL, '2', 'FAAS010247', 101, TRUE),
            ('SOPORTE TÉCNICO 304', NULL, NULL, 'FAAS010303', 101, TRUE),
            ('SALON 313', NULL, '25', 'FAAS010318', 101, TRUE),
            ('OFICINA DE MANTENIMIENTO', NULL, NULL, 'FAAS01S120', 101, TRUE),
            ('OFICINA COORDINACIÓN', NULL, '3', 'FALC010102', 101, TRUE),
            ('SALA DE PROFESORES', NULL, NULL, 'FALC010103', 101, TRUE),
            ('SALA DE PROFESORES', NULL, NULL, 'FASO01S110', 101, TRUE),
            ('AUDITORIO AUXILIAR 103', NULL, '70', 'FCMA010103', 24, TRUE),
            ('SALA CONTROL AUDIOVISUALES', NULL, NULL, 'FCMA010104', 24, FALSE),
            ('SALÓN DE GRUPO DE ASTRONOMÍA', NULL, NULL, 'FCMA010116', 24, FALSE),
            ('AULA ESTUDIANTES CEL?', NULL, NULL, 'FCMA010214', 24, FALSE),
            ('ASISTENTES COMITES DE INVESTIGACION Y CURRICULO', NULL, '3', 'FCMA010216', 24, TRUE),
            ('COORDINACION UNIDAD DE ACREDITACION', NULL, '7', 'FCMA010217', 24, TRUE),
            ('SALA DE PROFESORES FISICA', NULL, NULL, 'FCMA010218', 24, TRUE),
            ('COORDINACIÓN MATEMÁTICAS', NULL, '3', 'FCMA010221', 24, FALSE),
            ('COORDINACION LIC. EN INGLES', NULL, '3', 'FCMA010235', 24, TRUE),
            ('CAP', NULL, NULL, 'FCMA010237', 24, FALSE),
            ('SECRETARIA ACADEMICA', NULL, NULL, 'FCMA010238', 24, TRUE),
            ('COORDINACION LIC. PEDAGOGIA INFANTIL', NULL, '3', 'FCMA010239', 24, TRUE),
            ('BIENESTAR INSTITUCIONAL', NULL, NULL, 'FCMA010302', 24, TRUE),
            ('SALA DE TUTORIAS Y PRACTICAS 309', NULL, '6', 'FCMA010309', 24, TRUE),
            ('AULA CONVENCIONAL 311', NULL, '30', 'FCMA010311', 24, TRUE),
            ('AULA CONVENCIONAL 316', NULL, '30', 'FCMA010316', 24, TRUE),
            ('DERECHOS HUMANOS', NULL, NULL, 'FCMA010336', 24, FALSE),
            ('OFICINA LAB. DE INGLES', NULL, NULL, 'FCMA010404', 24, FALSE),
            ('SALA DE TUTORIAS Y PRACTICAS 408', NULL, '14', 'FCMA010408', 24, TRUE),
            ('AULA DE TRABAJO GRUPAL 413', NULL, '30', 'FCMA010413', 24, TRUE),
            ('AULA MAGISTRAL 415', NULL, '42', 'FCMA010415', 24, TRUE),
            ('AULA MAGISTRAL 416', NULL, '42', 'FCMA010416', 24, TRUE),
            ('OFICINA GICD', NULL, NULL, 'FCMA010421', 24, FALSE),
            ('COORDINACION LICENCIATURA EN ARTISTICA', NULL, NULL, 'FCMA010424', 24, FALSE),
            ('COORDINACION BIENESTAR INSTITUCIONAL', NULL, '1', 'FCMA010425', 24, TRUE);

        INSERT INTO ual (nombre, codigo_abreviacion, sal_ocupantes, sal_id_espacio, facultad_id, activo)
        VALUES
            ('CENTRO DE DOCUMENTACIÓN', NULL, NULL, 'FCMA010501', 24, TRUE),
            ('OFICINAS COORDINACION BIBLIOTECA', NULL, NULL, 'FCMA010604', 24, TRUE),
            ('ASISTENTES COORDINACIÓN LICENCIATURA EN INGLES', NULL, NULL, 'FCMB020102', 24, TRUE),
            ('COORDINACIÓN LICENCIATURA EN INGLES', NULL, '1', 'FCMB020103', 24, TRUE),
            ('ASISTENTE COORDINACIÓN LICENCIATURA EN INGLES', NULL, '1', 'FCMB020104', 24, TRUE),
            ('SALA DE INVESTIGADORES', NULL, '5', 'FCMB020202', 24, TRUE),
            ('COORDINACIÓN ESPECIALIZACIÓN EN EDUCACIÓN Y GESTIÓN AMBIENTAL', NULL, '3', 'FCMB020203', 24, TRUE),
            ('GRUPO DE FISICA TEORICA Y DESARROLLO DE SOFTWARE', NULL, '3', 'FCMB020302', 24, TRUE),
            ('COOR. MAESTRIA EN INFANCIA Y CULTURA', NULL, '3', 'FCMB020401', 24, TRUE),
            ('OFICINA DE PROFESORES', NULL, NULL, 'FCMB020402', 24, TRUE),
            ('SOPORTE SISTEMAS', NULL, '4', 'FCMB020404', 24, TRUE),
            ('COORDINACIÓN ESPECIALIZACIÓN EN INFANCIA CULTURA Y DESARROLLO', NULL, '3', 'FCMB020405', 24, TRUE),
            ('COORDINACIÓN LICENCIATURA EN PEDAGOGÍA INFANTÍL', NULL, '3', 'FCMB020407', 24, TRUE),
            ('OBSERVATORIO PEDAGÓGICO', NULL, NULL, 'FCMB010203', 24, TRUE),
            ('COORDINACIÓN LABORATORIOS BIOLOGÍA', NULL, '2', 'FCMB010306', 24, TRUE),
            ('BIOQUÍMICA GRUPO DE INVESTIGACIÓN', NULL, NULL, 'FCMB010402', 24, TRUE),
            ('SISTEMAS EDUCATIVOS PARA EL APRENDIZAJE DE LA QUÍMICA SEAQUÍM GRUPO DE INVESTIGACIÓN', NULL, NULL, 'FCMB010403', 24, TRUE),
            ('LÍNEA DE INVESTIGACIÓN DEN DOCENCIA DE LA QUÍMICA DIDAQUÍM GRUPO DE INVESTIGACIÓN', NULL, NULL, 'FCMB010404', 24, TRUE),
            ('OBSERVATORIO PEDAGOGICO', NULL, '2', 'FCMB010407', 24, TRUE),
            ('COORDINACIÓN LABORATORIOS DE QUÍMICA', NULL, NULL, 'FCMB010408', 24, TRUE),
            ('GRUPO DE INVESTIGACION FISINFOR', NULL, '3', 'FCMB010503', 24, TRUE),
            ('MUSEO DE BIODIVERSIDAD', NULL, NULL, 'FCMB01SS01', 24, TRUE),
            ('INVERNADERO', NULL, NULL, 'FCMB01SS05', 24, TRUE),
            ('CORRESPONDENCIA', NULL, '2', 'FICC010107', 33, TRUE),
            ('SECRETARÍA OFICINA DE PASANTÍAS', NULL, NULL, 'FICC010203', 33, TRUE),
            ('OFICINA PROFESOR', NULL, '1', 'FICC010204', 33, TRUE),
            ('OFICINA PROFESOR', NULL, '2', 'FICC010206', 33, TRUE),
            ('OFICINA PROFESOR', NULL, '2', 'FICC010207', 33, TRUE),
            ('OFICINA PROFESOR', NULL, '2', 'FICC010208', 33, TRUE),
            ('OFICINA PROFESOR', NULL, '2', 'FICC010209', 33, TRUE),
            ('OFICINA PROFESOR', NULL, '2', 'FICC010210', 33, TRUE),
            ('PUESTOS DE TRABAJO', NULL, '6', 'FICC010211', 33, TRUE),
            ('SALA DE JUNTAS', NULL, '8', 'FICC010212', 33, TRUE),
            ('OFICINA PROFESOR', NULL, '1', 'FICC010213', 33, TRUE),
            ('JEFATURA OFICINA DE PASANTÍAS', NULL, '2', 'FICC010214', 33, TRUE),
            ('OFICINA DE QUEJAS, RECLAMOS Y ATENCION AL CIUDADANO', NULL, NULL, 'FICC010403', 33, TRUE),
            ('SECRETARÍA ACADÉMICA', NULL, '2', 'FICC010504', 33, TRUE),
            ('COORDINACIÓN INGENIERÍA DE SISTEMAS', NULL, '2', 'FICC010505', 33, TRUE),
            ('COORDINACIÓN INGENIERÍA ELÉCTRICA', NULL, '2', 'FICC010506', 33, TRUE),
            ('COORDINACIÓN INGENIERÍA ELECTRÓNICA', NULL, '2', 'FICC010507', 33, TRUE),
            ('COORDINACIÓN INGENIERÍA CATASTRAL Y GEODESIA', NULL, '2', 'FICC010508', 33, TRUE),
            ('COORDINACIÓN INGENIERÍA INDUSTRIAL', NULL, '2', 'FICC010509', 33, TRUE),
            ('ASISTENTES DECANATURA', NULL, '3', 'FICC010510', 33, TRUE),
            ('DECANATURA', NULL, '1', 'FICC010511', 33, TRUE),
            ('SALA DE JUNTAS', NULL, '10', 'FICC010512', 33, TRUE),
            ('DIVISION DE RECURSOS FISICOS', NULL, '1', 'FICC010603', 33, TRUE),
            ('PERSONAL SECCIÓN DE TESORERÍA', NULL, '2', 'FICC010703', 33, TRUE),
            ('PERSONAL SECCIÓN DE TESORERÍA', NULL, '8', 'FICC010704', 33, TRUE),
            ('JEFATURA SECCIÓN DE TESORERÍA', NULL, '1', 'FICC010705', 33, TRUE),
            ('PERSONAL DIVISIÓN DE RECURSOS FINANCIEROS', NULL, '1', 'FICC010706', 33, TRUE),
            ('SALA DE JUNTAS', NULL, '12', 'FICC010707', 33, TRUE),
            ('JEFATURA DIVISIÓN DE RECURSOS FINANCIEROS', NULL, '1', 'FICC010708', 33, TRUE),
            ('PERSONAL DIVISIÓN DE RECURSOS FINANCIEROS', NULL, '4', 'FICC010709', 33, TRUE),
            ('JEFATURA SECCIÓN  DE PRESUPUESTO', NULL, '1', 'FICC010710', 33, TRUE),
            ('JEFATURA SECCIÓN DE CONTABILIDAD', NULL, '1', 'FICC010711', 33, TRUE),
            ('SECRETARIA JEFATURA SECCIÓN  DE PRESUPUESTO', NULL, '1', 'FICC010712', 33, TRUE),
            ('SECRETARÍA JEFATURA SECCIÓN DE CONTABILIDAD', NULL, '1', 'FICC010713', 33, TRUE),
            ('PERSONAL DIVISIÓN DE RECURSOS FINANCIEROS', NULL, '6', 'FICC010715', 33, TRUE),
            ('PERSONAL SECCIÓN DE CONTABILIDAD', NULL, '4', 'FICC010716', 33, TRUE),
            ('PERSONAL SECCIÓN DE PRESUPUESTO', NULL, '6', 'FICC010717', 33, TRUE),
            ('PERSONAL SECCIÓN DE CONTABILIDAD', NULL, '2', 'FICC010718', 33, TRUE),
            ('JEFATURA SECCIÓN DE COMPRAS', NULL, '1', 'FICC010719', 33, TRUE),
            ('JEFFATURA OFICINA ASESORA DE CONTROL INTERNO', NULL, '1', 'FICC010803', 33, TRUE),
            ('PERSONAL OFICINA ASESORA DE CONTROL INTERNO', NULL, NULL, 'FICC010804', 33, TRUE),
            ('SALA DE JUNTAS', NULL, '8', 'FICC010805', 33, TRUE),
            ('PERSONAL OFICINA ASESORA DE PLANEACIÓN Y CONTROL', NULL, '13', 'FICC010806', 33, TRUE),
            ('JEFATURA OFICINA ASESORA DE PLANEACIÓN Y CONTROL', NULL, '1', 'FICC010807', 33, TRUE),
            ('VICERRECTOR ADMINISTRATIVO Y FINANCIERO', NULL, '1', 'FICC010808', 33, TRUE),
            ('PERSONAL VICERRECTORÍA ADMINISTRATIVA Y FINANCIERA', NULL, '10', 'FICC010810', 33, TRUE),
            ('JEFATURA OFICINA ASESORA DE ASUNTOS DISCIPLICARIOS', NULL, '1', 'FICC010903', 33, TRUE),
            ('PERSONAL OFICINA DE ASUNTOS DISCIPLINARIOS', NULL, '6', 'FICC010905', 33, TRUE),
            ('PERSONAL OFICINA ASESORA JURÍDICA', NULL, '8', 'FICC010906', 33, TRUE),
            ('JEFATURA OFICINA ASESORA JURÍDICA', NULL, '1', 'FICC010907', 33, TRUE),
            ('SALA DE JUNTAS', NULL, '10', 'FICC010908', 33, TRUE),
            ('SECRETARÍA OFICINA ASESORA JURÍDICA', NULL, '1', 'FICC010909', 33, TRUE),
            ('SECRETARÍA DOCENCIA', NULL, '1', 'FICC010910', 33, TRUE),
            ('JEFATURA DOCENCIA', NULL, '1', 'FICC010911', 33, TRUE),
            ('PERSONAL OFICINA ASESORA JURÍDICA', NULL, '1', 'FICC010912', 33, TRUE),
            ('PERSONAL DOCENCIA', NULL, '2', 'FICC010913', 33, TRUE),
            ('PERSONAL VICERRECTORÍA ACADÉMICA', NULL, '2', 'FICC010914', 33, TRUE),
            ('SALA DE JUNTAS', NULL, '10', 'FICC010915', 33, TRUE),
            ('VICERRECTOR ACADÉMICO', NULL, '1', 'FICC010916', 33, TRUE),
            ('PERSONAL VICERRECTORÍA ACADÉMICA', NULL, '9', 'FICC010917', 33, TRUE),
            ('SECRETARÍA OFICINA ASESORA DE ASUNTOS DISCIPLINARIOS', NULL, '1', 'FICC010928', 33, TRUE),
            ('SECRETARIO GENERAL', NULL, '1', 'FICC011003', 33, TRUE),
            ('PERSONAL SECRETARÍA GENERAL', NULL, '1', 'FICC011004', 33, TRUE),
            ('ASESOR RECTORÍA', NULL, '1', 'FICC011005', 33, TRUE),
            ('ASESOR RECTORÍA', NULL, '1', 'FICC011006', 33, TRUE),
            ('JEFATURA RELACIONES INTERINSTITUCIONALES', NULL, '1', 'FICC011007', 33, TRUE),
            ('SALA DE JUNTAS', NULL, '24', 'FICC011008', 33, TRUE),
            ('RECTORÍA', NULL, '1', 'FICC011009', 33, TRUE),
            ('BIENESTAR INSTITUCIONAL', NULL, NULL, 'FICC01SS13', 33, TRUE),
            ('ASPU UD', NULL, '2', 'FICC030104', 33, TRUE),
            ('RED DE INVESTIGACIONES Y TECNOLOGIA AVANZADA RITA', NULL, '7', 'FICC030106', 33, TRUE),
            ('SALA DE TUTORÍAS', NULL, '12', 'FICC030112', 33, TRUE),
            ('SINTRAUD', NULL, NULL, 'FICC030113', 33, TRUE),
            ('SALA KASYS GABRIUNAS', NULL, NULL, 'FICC030314', 33, TRUE),
            ('SINTRAUD', NULL, NULL, 'FICC030317', 33, TRUE),
            ('JEFATURA UNIDAD DE EXTENSIÓN', NULL, '1', 'FICC030319', 33, TRUE),
            ('ASISTENTES UNIDAD DE EXTENSIÓN', NULL, '5', 'FICC030320', 33, TRUE),
            ('GICOGE', NULL, '11', 'FICC040105', 33, TRUE),
            ('AREA DE DESARROLLO Y PRODUCCIÓN', NULL, NULL, 'FICC040109', 33, TRUE),
            ('RECEPCIÓN', NULL, '1', 'FICC040110', 33, TRUE),
            ('GIGA', NULL, '7', 'FICC040205', 33, TRUE),
            ('OFICINA GIGA', NULL, '2', 'FICC040206', 33, TRUE),
            ('VISIÓN CATASTRAL', NULL, '3', 'FICC040207', 33, TRUE),
            ('DOCTORADO EN INGENIERIA SALA DE INVESTIGADORES', NULL, '15', 'FICC040210', 33, TRUE),
            ('ÁREA DE DESARROLLO', NULL, '8', 'FICC040211', 33, TRUE),
            ('SALA DE JUNTAS', NULL, NULL, 'FICC040213', 33, TRUE),
            ('SALA DE JUNTAS', NULL, '10', 'FICC040214', 33, TRUE),
            ('RECEPCIÓN', NULL, '2', 'FICC040215', 33, TRUE),
            ('JEFATURA OFICINA ASESORA DE SISTEMAS', NULL, '1', 'FICC040216', 33, TRUE),
            ('SECRETARÍA RED-UDNET', NULL, '6', 'FICC040301', 33, TRUE),
            ('JEFATURA RED-UDNET', NULL, '1', 'FICC040302', 33, TRUE),
            ('EGRESADOS', NULL, '6', 'FICC040304', 33, TRUE),
            ('ÁREA 1 TELECOMUNICACIONES', NULL, '5', 'FICC040309', 33, TRUE),
            ('SERVIDORES', NULL, '5', 'FICC040311', 33, TRUE),
            ('ÁREA 2 TELECOMUNICACIONES', NULL, '3', 'FICC040312', 33, TRUE),
            ('ASEPAD', NULL, '2', 'FICC020112', 33, TRUE),
            ('CARNETIZACIÓN', NULL, NULL, 'FICC020124', 33, TRUE),
            ('ADMINISIONES', NULL, '3', 'FICC020125', 33, TRUE),
            ('AULA 400', NULL, '20', 'FICC020403', 33, FALSE),
            ('CARNETIZACIÓN', NULL, '1', 'FICC020409', 33, TRUE),
            ('IEEE UD', NULL, NULL, 'FICC020420', 33, TRUE),
            ('COORDINACIÓN DE LABORATORIOS', NULL, '2', 'FICC020503', 33, TRUE),
            ('SEMANA DE INGENIERÍA INDUSTRIAL', NULL, NULL, 'FICC020603', 33, TRUE),
            ('MAESTRIA EN TELECOMUNICACIONES MOVILES', NULL, '8', 'FICC020604', 33, TRUE),
            ('AULA 600', NULL, '20', 'FICC020605', 33, TRUE),
            ('LABORATORIO DE DISE¿ Y PRODUCCION', NULL, '2', 'FICC020606', 33, FALSE),
            ('GRUPO DE INVESTIGACIÓN GIBIUD', NULL, NULL, 'FICC020607', 33, FALSE),
            ('OBSERVATORIO LABORAL REGIONAL', NULL, '3', 'FICC020609', 33, TRUE),
            ('ADMINISTRACIÓN SALAS DE INFORMÁTICA', NULL, '6', 'FICC020616', 33, TRUE),
            ('GRUPO DE INVESTIGACIÓN DSP', NULL, NULL, 'FICC020704', 33, TRUE),
            ('LABORATORIO DE INVESTIGACI¿ LASER', NULL, '8', 'FICC020705', 33, TRUE),
            ('GRUPO DE INVESTIGACIÓN LIFAE', NULL, '4', 'FICC020706', 33, TRUE),
            ('OFICINA EVALUACIÓN DOCENTE', NULL, '2', 'FICC020707', 33, TRUE),
            ('AULA 801', NULL, '30', 'FICC020801', 33, TRUE),
            ('AULA 802', NULL, '30', 'FICC020802', 33, TRUE),
            ('BEITMANTTH CARDENAS - ALEXANDRA ABUCHAR', NULL, '2', 'FICC020803', 33, FALSE),
            ('LUIS ENRIQUE MARTÍN - LUIS ARNEDO GONZALEZ - CLARA BONILLA ROMERO - HECTOR CANCINO', NULL, '2', 'FICC020804', 33, FALSE),
            ('MARIA EUGENIA CHAVERRA', NULL, '1', 'FICC020805', 33, FALSE),
            ('DECANATURA', NULL, '1', 'FTTE040106', 32, TRUE),
            ('SALA DE JUNTAS', NULL, '10', 'FTTE040108', 32, TRUE),
            ('UNIDAD DE INVESTIGACION', NULL, '2', 'FTTE040109', 32, TRUE),
            ('ACREDITACION FACULTAD TECNOLOGICA', NULL, '2', 'FTTE040110', 32, TRUE),
            ('ASISTENCIA DECANATURA', NULL, '8', 'FTTE040111', 32, TRUE),
            ('COORDINACIÓN TECNOLOGÍA EN ELECTRÓNICA', NULL, '3', 'FTTE040201', 32, TRUE),
            ('COORDINACIÓN TECNOLOGÍA E INGENIRÍA CIVIL', NULL, '3', 'FTTE040202', 32, TRUE),
            ('COORDINACIÓN TECNOLOGIA E INGENIERÍA ELÉCTRICA POR CICLOS PROP.', NULL, '3', 'FTTE040203', 32, TRUE),
            ('COORDINACIÓN TECNOLOGÍA E INGENIERÍA MECÁNICA', NULL, '3', 'FTTE040205', 32, TRUE),
            ('COORDINACIÓN TECNOLOGÍA EN SISTEMATIZACIÓN DE DATOS E INGENIERÍA TELEMÁTICA', NULL, '3', 'FTTE040206', 32, TRUE),
            ('COORDINACIÓN TECNOLOGÍA INDUSTRIAL E INGENIERÍA DE PRODUCCIÓN', NULL, '3', 'FTTE040207', 32, TRUE),
            ('OFICINA', NULL, NULL, 'FTTE050206', 32, TRUE),
            ('UNIDAD DE EXTENSIÓN', NULL, NULL, 'FTTE090115', 32, TRUE),
            ('COORDINACIÓN AULAS DE INFORMÁTICA', NULL, NULL, 'FTTE090210', 32, TRUE),
            ('OFICINA BIENESTAR', NULL, NULL, 'FTTE090214', 32, TRUE),
            ('SALA DE PROFESORES - CUBÍCULOS CERRADOS', NULL, '44', 'FTTE090301', 32, TRUE),
            ('CUBICULO DOCENTE', NULL, '1', 'FTTE090312', 32, TRUE),
            ('CUBICULO DOCENTE', NULL, '1', 'FTTE090313', 32, TRUE),
            ('CUBICULO DOCENTE', NULL, '1', 'FTTE090314', 32, TRUE),
            ('CUBICULO DOCENTE', NULL, '1', 'FTTE090315', 32, TRUE),
            ('CUBICULO DOCENTE', NULL, '1', 'FTTE090316', 32, TRUE),
            ('CUBICULO DOCENTE', NULL, '1', 'FTTE090317', 32, TRUE),
            ('CUBICULO DOCENTE', NULL, '1', 'FTTE090318', 32, TRUE),
            ('CUBICULO DOCENTE', NULL, '1', 'FTTE090319', 32, TRUE),
            ('CUBICULO DOCENTE', NULL, '1', 'FTTE090320', 32, TRUE),
            ('CUBICULO DOCENTE', NULL, '1', 'FTTE090321', 32, TRUE),
            ('CUBICULO DOCENTE', NULL, '1', 'FTTE090322', 32, TRUE),
            ('CUBICULO DOCENTE', NULL, '1', 'FTTE090323', 32, TRUE),
            ('CUBICULO DOCENTE', NULL, '1', 'FTTE090324', 32, TRUE),
            ('CUBICULO DOCENTE', NULL, '1', 'FTTE090325', 32, TRUE),
            ('CUBICULO DOCENTE', NULL, '1', 'FTTE090326', 32, TRUE),
            ('CUBICULO DOCENTE', NULL, '1', 'FTTE090328', 32, TRUE),
            ('CUBICULO DOCENTE', NULL, '1', 'FTTE090329', 32, TRUE),
            ('CUBICULO DOCENTE', NULL, '1', 'FTTE090330', 32, TRUE),
            ('CUBICULO DOCENTE', NULL, '1', 'FTTE090331', 32, TRUE),
            ('CUBICULO DOCENTE', NULL, '1', 'FTTE090332', 32, TRUE),
            ('CUBICULO DOCENTE', NULL, '1', 'FTTE090333', 32, TRUE),
            ('MAESTRIA EN INVESTIGACION SOCIAL E INTERDISCIPLINARIA', NULL, NULL, 'FCPO010108', 24, TRUE),
            ('AULA 109', NULL, '24', 'FCPO010109', 24, TRUE),
            ('COORDINACION MAESTRIA EN EDUCACION EN TECNOLOGIA', NULL, '0', 'FCPO010205', 24, TRUE),
            ('OFICINA 206 - ÉNFASIS EN HISTORIA DE LA EDUCACIÓN COMPARADA - DIE', NULL, NULL, 'FCPO010208', 24, TRUE),
            ('PLANES TIC', NULL, '7', 'FCPO010209', 24, TRUE),
            ('OF. 302 DOCTORADO INTERINSTITUCIONAL ENFACIS EN EDUCACION EN CIENCIAS', NULL, NULL, 'FCPO010304', 24, TRUE),
            ('OF. 303 SALAS TUTORIAS DIE', NULL, NULL, 'FCPO010305', 24, TRUE),
            ('OF. 304 MAESTRIA EN EDUCACION PARA LA PAZ', NULL, '8', 'FCPO010306', 24, TRUE),
            ('OF. 305 DIRECCION DIE', NULL, NULL, 'FCPO010307', 24, TRUE),
            ('OF. 306 DIE - ENFASIS EN LENGUAJE Y EDUCACION - ENFASIS EN EDUCACIÓN MATEM.', NULL, NULL, 'FCPO010308', 24, TRUE),
            ('OF. 307 SALA DE INVESTIGADORES IEIE', NULL, NULL, 'FCPO010309', 24, TRUE),
            ('OF. 308 DIRECCION IEIE', NULL, NULL, 'FCPO010310', 24, TRUE),
            ('OF. 309 ASISTENTES IEIE', NULL, NULL, 'FCPO010311', 24, TRUE),
            ('SALA DE TUTORIAS CUBICULO 1 (3 SALAS)', NULL, NULL, 'FCPO010403', 24, TRUE),
            ('MEDIOS AUDIOVISUALES', NULL, '8', 'FCPO010408', 24, TRUE),
            ('AULA 404', NULL, '20', 'FCPO010411', 24, TRUE),
            ('OF. 601 ESPECIALIZACION EN DESARROLLO HUMANO CON ENFASIS EN PROCESOS AFECTIVOS Y CREATIVIDAD', NULL, NULL, 'FCPO010603', 24, TRUE),
            ('OF. 602 ESPECIALIZACION EN EDUCACION EN TECNOLOGIA', NULL, NULL, 'FCPO010604', 24, TRUE),
            ('OF. 604 ESPECIALIZACION EN GERENCIA DE PROYECTOS EDUCATIVOS  INSTITUCIONALES', NULL, NULL, 'FCPO010606', 24, TRUE),
            ('OF.605 ESP. EN LENGUAJE Y PEDAGOGIA DE PROYECTOS - MAESTRÍA EN PEDAGOGÍA DE LA LENGUA MODERNA', NULL, NULL, 'FCPO010607', 24, TRUE),
            ('OF. 606 MAESTRÍA EN EDUCACIÓN', NULL, NULL, 'FCPO010608', 24, TRUE),
            ('OF.607 COORD. MAESTRIA EN LINGÜÍSTICA APLICADA A LA ENSEÑANAZA DEL INGLES Y SALAS DE TUTORIAS', NULL, NULL, 'FCPO010609', 24, TRUE);

        INSERT INTO ual (nombre, codigo_abreviacion, sal_ocupantes, sal_id_espacio, facultad_id, activo)
        VALUES
            ('OF. 608 ESPECIALIZACIÓN EN EDUCACION MATEMATICA', NULL, NULL, 'FCPO010610', 24, TRUE),
            ('OF.609 ESP. PEDAGOGIA DE LA COMUNICACIÓN Y MEDIOS INTERACTIVOS-MAEST. EN EDUCACIÓN Y COMUNICACIÓN', NULL, NULL, 'FCPO010611', 24, TRUE),
            ('701 GRUPO DE INVESTIGACION EDUCACION Y COMUNICACIÓN Y CULTURA', NULL, NULL, 'FCPO010703', 24, TRUE),
            ('OF. 703 IPAZUD', NULL, NULL, 'FCPO010705', 24, TRUE),
            ('OF. 705 SALA DE INVESTIGADORES DIDATEC, ESPECIALIZACION EN EDUCACION EN TECNOLOGIA', NULL, NULL, 'FCPO010707', 24, TRUE),
            ('JULIO BARÓN VELANDIA', NULL, '1', 'FICC020806', 33, FALSE),
            ('GRUPO DE INVESTIGACIÓN GESTIÓN EMPRESARIAL INNOVACIÓN TECNOLÓGICA - GEIT', NULL, '1', 'FICC020807', 33, TRUE),
            ('REVISTA ING. FORMATE', NULL, '1', 'FICC020808', 33, FALSE),
            ('REVISTA UD Y LA GEOMATICA-ANDRES CARDENAS', NULL, '2', 'FICC020809', 33, TRUE),
            ('AULA 804', NULL, '20', 'FICC020810', 33, TRUE),
            ('AULA 803', NULL, '16', 'FICC020811', 33, TRUE),
            ('CUBÍCULO DOCENTE LUZ ANGELA ROCHA', NULL, '1', 'FICC020812', 33, FALSE),
            ('OFICINA PROFESORA ZULIMA ORTIZ - G.I ARQUITECTURA DE SOFTWARE', NULL, '1', 'FICC020813', 33, FALSE),
            ('OFICINA PROFESOR HENRY ALBERTO DIOSA - G.I ARQUITECTURA DE SOFTWARE', NULL, '1', 'FICC020814', 33, FALSE),
            ('HUMBERTO SERRANO', NULL, '1', 'FICC020815', 33, FALSE),
            ('GRUPO DE INVESTIGACIÓN GEOANÁLISIS', NULL, '2', 'FICC020816', 33, TRUE),
            ('OFICINA DOCENTE', NULL, '2', 'FICC020817', 33, FALSE),
            ('CONVENIO SECRETARÍA DE MOVILIDAD', NULL, '6', 'FICC020818', 33, TRUE),
            ('CUBÍCULO DOCENTE JOSE HERRERA - PAULO CORONADO', NULL, '1', 'FICC020819', 33, TRUE),
            ('CUBÍCULO DOCENTE EDILBERTO SUAREZ - ÁLVARO ORTIZ', NULL, '3', 'FICC020820', 33, TRUE),
            ('SALA DE PROFESORES ING. CATASTRAL', NULL, '2', 'FICC020821', 33, TRUE),
            ('DOCENTES INGENIERÍA INDUSTRIAL', NULL, '2', 'FICC020822', 33, TRUE),
            ('DOCENTES', NULL, '2', 'FICC020823', 33, TRUE),
            ('CONTRALORÍA', NULL, '4', 'FICC020824', 33, TRUE),
            ('DOCENTES INGENIERÍA ELÉCTRICA', NULL, '3', 'FICC020825', 33, TRUE),
            ('SALA DE JUNTAS', NULL, NULL, 'FICC020829', 33, TRUE),
            ('OFICINA COORDINADOR MANTENIMIENTO', NULL, NULL, 'FICC02S105', 33, TRUE),
            ('OFICINA MANTENIMIENTO', NULL, '1', 'FMCT010206', 23, TRUE),
            ('AULA 501', NULL, '48', 'FMCT010501', 23, TRUE),
            ('AULA 502', NULL, '22', 'FMCT010502', 23, TRUE),
            ('SECRETARÍA COORDINACIÓN ADMINISTRACIÓN DEPORTIVA', NULL, '1', 'FMCT010503', 23, FALSE),
            ('SALA DE PROFESORES', NULL, NULL, 'FMCT010504', 23, FALSE),
            ('OFICINA PLANESTIC', NULL, '5', 'FMCT010505', 23, FALSE),
            ('COORDINACIÓN TECNOLOGÍA EN SANEAMIENTO AMBIENTAL', NULL, '1', 'FMVI040108', 23, TRUE),
            ('SECRETARÍA COORDINACIÓN TECNOLOGÍA EN SANEAMIENTO AMBIENTAL', NULL, '2', 'FMVI040109', 23, TRUE),
            ('SECRETARÍA COORDINACIÓN INGENIERÍA FORESTAL', NULL, '2', 'FMVI040110', 23, TRUE),
            ('SECRETARÍA COORDINACIÓN TECNOLOGÍA EN GESTIÓN AMBIENTAL Y SERVICIOS PÚBLICOS', NULL, '1', 'FMVI040114', 23, TRUE),
            ('COORDINACIÓN  TECNOLOGÍA EN GESTIÓN AMBIENTAL Y SERVICIOS PÚBLICOS', NULL, '2', 'FMVI040115', 23, TRUE),
            ('SECRETARÍA COORDINACIÓN INGENIERÍA TOPOGRÁFICA', NULL, '2', 'FMVI040116', 23, TRUE),
            ('COORDINACIÓN INGENIERÍA TOPOGRÁFICA', NULL, '1', 'FMVI040117', 23, TRUE),
            ('COORDINACIÓN INGENIERÍA FORESTAL', NULL, '1', 'FMVI040118', 23, TRUE),
            ('ADMINISTRACIÓN SALAS DE INFORMÁTICA', NULL, '1', 'FMVI040205', 23, TRUE),
            ('SALA DE PROFESORES INGENIERÍA FORESTAL', NULL, '7', 'FMVI040210', 23, TRUE),
            ('SALA DE REUNIONES', NULL, '20', 'FMVI040213', 23, TRUE),
            ('SECRETARÍA', NULL, '1', 'FMVI040215', 23, TRUE),
            ('SECRETARÍA ACADÉMICA', NULL, '1', 'FMVI040217', 23, TRUE),
            ('ASISTENTE DECANATURA', NULL, '1', 'FMVI040218', 23, TRUE),
            ('SECRETARÍA DECANATURA', NULL, '1', 'FMVI040219', 23, TRUE),
            ('DECANATURA', NULL, '1', 'FMVI040220', 23, TRUE),
            ('MONITOR DE ESPACIOS', NULL, '1', 'FMVI050106', 23, TRUE),
            ('SALA DE PROFESORES', NULL, '17', 'FMVI050109', 23, TRUE),
            ('SECRETARÍA COORDINACIÓN TECNOLOGÍA EN TOPOGRAFÍA', NULL, '2', 'FMVI050120', 23, TRUE),
            ('COOORDINACIÓN TECNOLOGÍA EN TOPOGRAFÍA', NULL, '1', 'FMVI050121', 23, TRUE),
            ('ADMINISTRACIÓN LABORATORIO MICROBIOLOGÍA', NULL, '1', 'FMVI050134', 23, TRUE),
            ('HERBARIO FORESTAL', NULL, '4', 'FMVI050135', 23, TRUE),
            ('COORDINACIÓN DE LABORATORIOS', NULL, '2', 'FMVI050201', 23, TRUE),
            ('SALA DE JUNTAS FACULTAD', NULL, '8', 'FMVI050202', 23, TRUE),
            ('ACREDITACIÓN  FACULTAD DE MEDIO AMBIENTE', NULL, '7', 'FMVI050204', 23, TRUE),
            ('UNIDAD DE INVESTIGACIÓN', NULL, '1', 'FMVI050205', 23, TRUE),
            ('SALA DE PROFESORES', NULL, '22', 'FMVI050207', 23, TRUE),
            ('ADMINISTRACIÓN LABORATORIO DE CALIDAD DE AGUAS Y SERVICIOS PÚBLICOS', NULL, '1', 'FMVI050230', 23, TRUE),
            ('SECRETARÍA COORDINACIÓN ADMINISTRACIÓN AMBIENTAL', NULL, '1', 'FMVI050233', 23, TRUE),
            ('SECRETARIA COORDINACIÓN  TECNOLOGÍA EN GESTION  AMBIENTAL Y SERVICIOS PÚBLICOS', NULL, '1', 'FMVI050234', 23, TRUE),
            ('ASISTENTE COORDINACIÓN ADMINISTRACIÓN AMBIENTAL', NULL, '1', 'FMVI050235', 23, TRUE),
            ('ASISTENTE COORDINACIÓN  TECNOLOGÍA EN GESTION  AMBIENTAL Y SERVICIOS PÚBLICOS', NULL, '1', 'FMVI050236', 23, TRUE),
            ('COORDINACI¿ INGENIERIA AMBIENTAL', NULL, '1', 'FMVI050237', 23, TRUE),
            ('COORDINACIÓN ADMINISTRACIÓN AMBIENTAL', NULL, '1', 'FMVI050238', 23, TRUE),
            ('RECEPCIÓN POSGRADOS', NULL, '2', 'FMVI050239', 23, TRUE),
            ('COORDINACIÓN ESPECIALIZACION EN AMBIENTE Y DESARROLLO LOCAL', NULL, '1', 'FMVI050240', 23, TRUE),
            ('COORDINACIÓN ESPECIALIZACION EN  DISEÑO VIAS URBANAS, TRANSITO Y TRANSPORTE', NULL, '1', 'FMVI050241', 23, TRUE),
            ('COORDINACIÓN MAESTRIA EN DESARROLLO SUSTENTABLE Y GESTION AMBIENTAL', NULL, '1', 'FMVI050242', 23, TRUE),
            ('COORDINACIÓN MAESTRIA EN MANEJO, USO Y CONSERVACION DEL BOSQUE', NULL, '1', 'FMVI050243', 23, TRUE),
            ('COORDINACIÓN ESPECIALIZACION EN GERENCIA DE RECURSOS NATURALES', NULL, '1', 'FMVI050244', 23, TRUE),
            ('ADMINISTRACIÓN BIBLIOTECA', NULL, '4', 'FMVI050303', 23, TRUE),
            ('SALA DE PROFESORES', NULL, NULL, 'FMVI050407', 23, TRUE),
            ('CORPORACIÓN PANADEROS FAMARENA', NULL, NULL, 'FMVI05ME02', 23, TRUE),
            ('OFICINA MOVIMIENTO ESTUDIANTIL', NULL, NULL, 'FMVI05ME05', 23, TRUE),
            ('ASOCIACIÓN DE ESTUDIANTES', NULL, NULL, 'FMVI030202', 23, TRUE),
            ('OFICINA', NULL, NULL, 'FMVI080102', 23, TRUE),
            ('OFICINA', NULL, NULL, 'FMVI060101', 23, TRUE),
            ('INVERNADERO EXPERIMETAL', NULL, NULL, 'FMVI060103', 23, TRUE),
            ('OF. MEDICIONES FORESTALES', NULL, '2', 'FMVI010106', 23, TRUE),
            ('OFICINA DE PROFESORES LAB. MADERAS', NULL, '4', 'FMVI010107', 23, TRUE),
            ('XILOTECA', NULL, NULL, 'FMVI010108', 23, TRUE),
            ('COORDINACIÓN LABORATORIO SANIDAD FORESTAL', NULL, '4', 'FMVI010109', 23, TRUE),
            ('OFICINA DE MANTENIMIENTO', NULL, '1', 'FMVI020103', 23, TRUE),
            ('OFICINA ?', NULL, '1', 'FMVI020108', 23, TRUE),
            ('OFICINA ?', NULL, '1', 'FMVI020109', 23, TRUE),
            ('OFICINA ?', NULL, '1', 'FMVI020110', 23, TRUE),
            ('OFICINA SECRETARIA Y RECEPCIÓN', NULL, '2', 'FMVI020112', 23, TRUE),
            ('SALA DE JUNTAS', NULL, '8', 'FMVI020113', 23, TRUE),
            ('OFICINA CONVENIO ?', NULL, '1', 'FMVI020114', 23, TRUE),
            ('OFICINA CONVENIO ?', NULL, '4', 'FMVI020115', 23, TRUE),
            ('COORDINACIÓN LABORATORIO DE SUELOS', NULL, '3', 'FMVI02ME01', 23, TRUE),
            ('VIVERO', NULL, NULL, 'FMVI090101', 23, TRUE),
            ('GRUPO DE INVESTIGACIÓN EN CONTROL ELECTRÓNICO GICE', NULL, NULL, 'FTTE080101', 32, TRUE),
            ('ADMINISTRACIÓN LAB. Y TALLER', NULL, NULL, 'FTTE080104', 32, TRUE),
            ('OFICINA GRUPO DE INVESTIGACIÓN', NULL, NULL, 'FTTE080107', 32, TRUE),
            ('OFICINA GRUPO DE INVESTIGACIÓN LENGUAJE TECNOLOGÍA (LENTE) - GAJA', NULL, NULL, 'FTTE080108', 32, TRUE),
            ('OFICINA GRUPO DE INVESTIGACIÓN IEEE', NULL, NULL, 'FTTE080109', 32, TRUE),
            ('OFICINA GRUPO DE INVESTIGACIÓN INTELIGENCIA ARTIFICIAL (IAFT)', NULL, NULL, 'FTTE080111', 32, TRUE),
            ('SALÓN GRUPOS DE INVESTIGACIÓN', NULL, NULL, 'FTTE080112', 32, TRUE),
            ('OFICINA GRUPO DE INVESTIGACIÓN MECÁNICA', NULL, NULL, 'FTTE080113', 32, TRUE),
            ('ROMA ROBÓTICA', NULL, NULL, 'FTTE080114', 32, TRUE),
            ('OFICINA GRUPO DE INVESTIGACIÓN ELÉCTRICA', NULL, NULL, 'FTTE080116', 32, TRUE),
            ('ADMINISTRACIÓN TALLER', NULL, NULL, 'FTTE080127', 32, TRUE),
            ('OFICINA ATENCIÓN ILUD', NULL, '1', 'FTTE080209', 32, TRUE),
            ('COORDINACIÓN LABORATORIO MÁQUINAS Y ELECTRÓNICA', NULL, NULL, 'FTTE080223', 32, TRUE),
            ('COORDINACIÓN LABORATORIO MÁQUINAS Y ELECTRÓNICA', NULL, '4', 'FTTE080224', 32, TRUE),
            ('SALA DE PROFESORES', NULL, NULL, 'FTTE020111', 32, TRUE),
            ('OFICINA TALLER', NULL, '1', 'FTTE020116', 32, TRUE),
            ('OFICINA PROFESORES', NULL, NULL, 'FTTE020213', 32, TRUE),
            ('OFICINA PROFESORES', NULL, NULL, 'FTTE020214', 32, TRUE),
            ('OFICINA LABORATORIO HIDRAULICA Y NEUMATICA', NULL, '2', 'FTTE020215', 32, TRUE),
            ('SALA DE JUNTAS TECNOLOGIA ELECTRICIDAD', NULL, NULL, 'FTTE020311', 32, TRUE),
            ('SALA L-1', NULL, '1', 'FTTE020312', 32, TRUE),
            ('SALA L-2', NULL, '1', 'FTTE020313', 32, TRUE),
            ('SALA L-3', NULL, '1', 'FTTE020314', 32, TRUE),
            ('"ARMOS" GRUPO DE INVESTIGACIÓN', NULL, NULL, 'FTTE020315', 32, TRUE),
            ('OFICINA LABORATORIOS', NULL, NULL, 'FTTE020322', 32, TRUE),
            ('OFICINA', NULL, NULL, 'FTTE020326', 32, TRUE),
            ('"ORION" GRUPO DE INVESTIGACIÓN ENERGIAS ALTERNATIVAS', NULL, NULL, 'FTTE020327', 32, TRUE),
            ('"INTEGRA" RISP', NULL, NULL, 'FTTE020328', 32, TRUE),
            ('OFICINA COORDINACIÓN DE LABORATORIOS', NULL, NULL, 'FTTE020408', 32, TRUE),
            ('OFICINA COORDINADOR AULAS SOFTWARE', NULL, NULL, 'FTTE020510', 32, TRUE),
            ('OFICINA LABORATORIOS', NULL, NULL, 'FTTE020516', 32, TRUE),
            ('OFICINA LABORATORIO', NULL, NULL, 'FTTE030117', 32, TRUE),
            ('OFICINA LABORATORIO CIRCUITOS IMPRESOS Y GRUPO RELETECNO', NULL, NULL, 'FTTE030210', 32, TRUE),
            ('OFICINA LABORATORIO QUÍMICA BÁSICA', NULL, '1', 'FTTE030212', 32, TRUE),
            ('SALA DE PROFESORES HORA CATEDRA', NULL, NULL, 'FTTE030306', 32, TRUE),
            ('REVISTA TECNOLÓGICA', NULL, NULL, 'FTTE030309', 32, TRUE),
            ('SALA DE PROFESORES ING. CIVIL', NULL, '5', 'FTTE03ME02', 32, TRUE),
            ('SECRETARÍA ACADÉMICA', NULL, '1', 'FTTE040105', 32, TRUE),
            ('LABORATORIO QUÍMICA 4', NULL, '25', 'FCMB010301', 24, TRUE),
            ('AULA 303', NULL, '57', 'FICC020320', 33, TRUE),
            ('SALA DE INFORMATICA 507', NULL, '30', 'FICC020509', 33, TRUE),
            ('SALA DE INFORMATICA 704', NULL, '20', 'FICC020708', 33, TRUE),
            ('AULA 209', NULL, '23', 'FICC030202', 33, TRUE),
            ('AULA 306', NULL, '28', 'FICC030306', 33, TRUE),
            ('AULA 404', NULL, '33', 'FMVI050413', 23, TRUE),
            ('LABORATORIO HIDRAULICA', NULL, '25', 'FTTE020217', 32, TRUE),
            ('AULA DIBUJO 501', NULL, '40', 'FTTE020502', 32, TRUE),
            ('LABORATORIO DE FÍSICA', NULL, '25', 'FTTE030209', 32, TRUE),
            ('SALA DE INFORMATICA 505', NULL, '28', 'FICC020514', 33, TRUE),
            ('SALA DE INFORMATICA 504', NULL, '24', 'FICC020515', 33, TRUE),
            ('SALA DE INFORMATICA 503', NULL, '24', 'FICC020520', 33, TRUE),
            ('SALA DE INFORMATICA 502', NULL, '32', 'FICC020521', 33, TRUE),
            ('SALA DE INFORMATICA 501', NULL, '24', 'FICC020522', 33, TRUE),
            ('GIGA- GRUPO DE INVESTIGACION EN GESTION, PUBLICA,AVALUOS Y URBANISMO', NULL, '12', 'FICC020608', 33, FALSE),
            ('LABORATORIO DE COMUNICACIONES', NULL, '24', 'FICC020610', 33, TRUE),
            ('SALA DE INFORMATICA 601', NULL, '20', 'FICC020611', 33, TRUE),
            ('LABORATORIO DE CIRCUITOS ELECTRICOS', NULL, '21', 'FICC020617', 33, TRUE),
            ('LABORATORIO DE MAQUINAS ELECTRICAS A', NULL, '24', 'FICC020618', 33, TRUE),
            ('LABORATORIO MAQUINAS ELECTRICAS B', NULL, '18', 'FICC020622', 33, TRUE),
            ('LABORATORIO ELECTRONICA A', NULL, '24', 'FICC020623', 33, TRUE),
            ('LABORATORIO DE INSTRUMENTACION ELECTRONICA', NULL, '36', 'FICC020624', 33, TRUE),
            ('AULA 700', NULL, '20', 'FICC020703', 33, TRUE),
            ('GRUPO DE INVESTIGACIÓN LAMIC', NULL, '7', 'FICC020709', 33, TRUE),
            ('LABORATORIO DE AUTOMATIZACION', NULL, '12', 'FICC020713', 33, TRUE),
            ('SALA DE INFORMÁTICA 701', NULL, '20', 'FICC020716', 33, TRUE),
            ('GRUPO DE INVESTIGACIÓN GITEM', NULL, '5', 'FICC020723', 33, TRUE),
            ('SALA DE INFORMÁTICA 702', NULL, '18', 'FICC020725', 33, TRUE),
            ('SALA DE INFORMÁTICA 703', NULL, '24', 'FICC020726', 33, TRUE),
            ('SALA DE VIDEO CONFERENCIAS', NULL, '8', 'FICC02S108', 33, TRUE),
            ('SALA RITA (RED DE INVESTIGACION DE TECNOLOGIA AVANZADA)', NULL, '8', 'FICC02S317', 33, TRUE),
            ('AULA MAGISTRAL 105', NULL, '36', 'FCMA010105', 24, TRUE),
            ('CUARTO OSCURO', NULL, '8', 'FCMA010106', 24, FALSE),
            ('COORDINACION LIC. CIENCIAS SOCIALES', NULL, '3', 'FCMA010109', 24, TRUE),
            ('AUDITORIO 2', NULL, '30', 'FCMA010110', 24, FALSE),
            ('AUDITORIO 3', NULL, '30', 'FCMA010111', 24, FALSE),
            ('AULA ESPECIALIZADA EN ARTES MUSICALES (101)', NULL, '0', 'FCMA010115', 24, FALSE),
            ('AULA ESPECIALIZADA ARTES MUSICALES (102)', NULL, '0', 'FCMA010117', 24, FALSE),
            ('AULA 103', NULL, '56', 'FCMA010120', 24, FALSE),
            ('AULA 104', NULL, '40', 'FCMA010121', 24, FALSE),
            ('AULA 105', NULL, '10', 'FCMA010124', 24, FALSE),
            ('AULA 106', NULL, '25', 'FCMA010125', 24, FALSE),
            ('LABORATORIO EXTRACLASE', NULL, '18', 'FCMA010204', 24, FALSE),
            ('LABORATORIO DE ÓPTICA', NULL, '11', 'FCMA010207', 24, FALSE),
            ('LABORATORIO FISICA-QUIMICA', NULL, '9', 'FCMA010208', 24, FALSE),
            ('LABORATORIO DE FISICA 1', NULL, '25', 'FCMA010210', 24, FALSE),
            ('LABORATORIO DE FISICA 2', NULL, '25', 'FCMA010212', 24, FALSE),
            ('LABORATORIO DE FISICA 3', NULL, '25', 'FCMA010213', 24, FALSE),
            ('AULA 207', NULL, '45', 'FCMA010220', 24, FALSE),
            ('LABORATORIO DE FISICA 6', NULL, '25', 'FCMA010219', 24, FALSE),
            ('COORDINACION NECESIDADES EDUCATIVAS ESPECIALES - NEES', NULL, '3', 'FCMA010230', 24, TRUE),
            ('AULA 201', NULL, '40', 'FCMA010231', 24, FALSE),
            ('COORDINACION MATEMATICAS', NULL, '3', 'FCMA010233', 24, TRUE),
            ('COORDINACION LIC. EN QUIMICA', NULL, '3', 'FCMA010227', 24, TRUE),
            ('AULA 310', NULL, '33', 'FCMA010303', 24, FALSE),
            ('AULA 311', NULL, '44', 'FCMA010304', 24, FALSE),
            ('SALA DE TUTORIAS Y PRACTICAS 308', NULL, '6', 'FCMA010308', 24, TRUE),
            ('AULA DE SISTEMAS 312', NULL, '30', 'FCMA010312', 24, TRUE),
            ('AULA DE SISTEMAS', NULL, '30', 'FCMA010313', 24, FALSE),
            ('AULA 301', NULL, '32', 'FCMA010315', 24, FALSE),
            ('AULA 300', NULL, '21', 'FCMA010322', 24, FALSE),
            ('GRUPO DE INVESTIGACION FMA&ES', NULL, '25', 'FCMA010327', 24, FALSE),
            ('CAFETERIA', NULL, '37', 'FCMA010328', 24, FALSE),
            ('AULA 305', NULL, '35', 'FCMA010329', 24, FALSE),
            ('AULA 308', NULL, '35', 'FCMA010332', 24, FALSE),
            ('AULA 309', NULL, '33', 'FCMA010333', 24, FALSE);

        INSERT INTO ual (nombre, codigo_abreviacion, sal_ocupantes, sal_id_espacio, facultad_id, activo)
        VALUES
            ('SALA DE TUTORIAS Y PRACTICAS 401', NULL, '8', 'FCMA010401', 24, TRUE),
            ('SALA DE TUTORIAS Y PRACTICAS 402', NULL, '14', 'FCMA010402', 24, TRUE),
            ('AULA CONVENCIONAL 403', NULL, '30', 'FCMA010403', 24, TRUE),
            ('AULA MAGISTRAL 405', NULL, '30', 'FCMA010405', 24, TRUE),
            ('AULAS DE SISTEMAS', NULL, '30', 'FCMA010406', 24, FALSE),
            ('AULA CONVENCIONAL 414', NULL, '42', 'FCMA010414', 24, TRUE),
            ('AULA 400', NULL, '40', 'FCMA010420', 24, FALSE),
            ('LABORATORIO DE PRODUCCION DE MATERIALES / OFICINA GICD', NULL, '25', 'FCMA010422', 24, FALSE),
            ('TALLER DE PRODUCCION MADERAS', NULL, '25', 'FCMA010423', 24, FALSE),
            ('AULA CONVENCIONAL 1B', NULL, '44', 'FCMAB10201', 24, TRUE),
            ('AULA CONVENCIONAL 2A', NULL, '35', 'FCMAB20101', 24, TRUE),
            ('AULA CONVENCIONAL 2B', NULL, '35', 'FCMAB20201', 24, TRUE),
            ('AULA CONVENCIONAL 3A', NULL, '35', 'FCMAB30101', 24, TRUE),
            ('AULA CONVENCIONAL 3B', NULL, '35', 'FCMAB30201', 24, TRUE),
            ('AUDITORIO', NULL, '270', 'FTTE100103', 32, TRUE),
            ('PROYECCIONES', NULL, '0', 'FTTE140111', 32, FALSE),
            ('AUDITORIO', NULL, '124', 'FTTE140201', 32, FALSE),
            ('LPE-MC-02 LABORATORIO DE RESISTENCIA DE MATERIALES', NULL, '18', 'FTTE02S102', 32, TRUE),
            ('B-3 AULA 104', NULL, '37', 'FTTE020109', 32, TRUE),
            ('B-1 AULA 101', NULL, '38', 'FTTE020101', 32, TRUE),
            ('B-3 AULA 102', NULL, '39', 'FTTE020107', 32, TRUE),
            ('B-3 AULA 101', NULL, '36', 'FTTE020106', 32, TRUE),
            ('B-2 AULA 101', NULL, '52', 'FTTE020104', 32, TRUE),
            ('B-2 AULA 103', NULL, '53', 'FTTE020119', 32, FALSE),
            ('B-3 AULA 103', NULL, '36', 'FTTE020108', 32, TRUE),
            ('LABORATORIO PROCESOS DE TRANSFORMACI¿', NULL, '24', 'FTTE020122', 32, TRUE),
            ('B-1 AULA 103', NULL, '23', 'FTTE020121', 32, TRUE),
            ('LE - MC - 04 LABORATORIO DE MOTORES COMBUSTION INTERNA', NULL, '25', 'FTTE020115', 32, TRUE),
            ('LE - MC - 04 LABORATORIO DE CIENCIAS TERMICAS', NULL, '18', 'FTTE020114', 32, TRUE),
            ('LE - MC - 03 LABORATORIO CNC Y ROBOTICA', NULL, '25', 'FTTE020112', 32, TRUE),
            ('B-3 AULA 204', NULL, '37', 'FTTE020209', 32, TRUE),
            ('B-3 AULA 203', NULL, '36', 'FTTE020208', 32, TRUE),
            ('B-3 AULA 202', NULL, '39', 'FTTE020207', 32, TRUE),
            ('B-3 AULA 201', NULL, '36', 'FTTE020206', 32, TRUE),
            ('B-2 AULA 201', NULL, '52', 'FTTE020204', 32, TRUE),
            ('B-2 AULA 203', NULL, '53', 'FTTE020223', 32, TRUE),
            ('B-2 AULA 202', NULL, '25', 'FTTE020224', 32, TRUE),
            ('B-1 AULA 203', NULL, '23', 'FTTE020225', 32, FALSE),
            ('B-1 AULA 202', NULL, '24', 'FTTE020226', 32, FALSE),
            ('PORTAL INTERACTIVO ETB', NULL, '0', 'FTTE020201', 32, FALSE),
            ('CENTRO DE DESARROLLO DE APLICACIONES TIC SOCIALES', NULL, '0', 'FTTE020202', 32, FALSE),
            ('SALA SOFTWARE ESPECIALIZADO', NULL, '28', 'FTTE020219', 32, TRUE),
            ('LABORATORIO DE METALOGRAFIA', NULL, '5', 'FTTE020212', 32, TRUE),
            ('LABORATORIO DE NEUMATICA', NULL, '25', 'FTTE020216', 32, TRUE),
            ('B-3 AULA 304', NULL, '29', 'FTTE020308', 32, TRUE),
            ('B-3 AULA 303', NULL, '28', 'FTTE020307', 32, TRUE),
            ('B-3 AULA 302', NULL, '30', 'FTTE020306', 32, TRUE),
            ('B-3 AULA 301', NULL, '28', 'FTTE020305', 32, TRUE),
            ('B-2 AULA 301', NULL, '58', 'FTTE020304', 32, TRUE),
            ('B-1 AULA 301', NULL, '38', 'FTTE020301', 32, TRUE),
            ('B-1 AULA 304', NULL, '37', 'FTTE020302', 32, TRUE),
            ('LABORATORIO APLICADO DE INSTALACIONES ELECTRICAS E ILUMINACIÓN', NULL, '25', 'FTTE020324', 32, TRUE),
            ('LABORATORIO SOFTWARE APLICADO 2', NULL, '21', 'FTTE020317', 32, TRUE),
            ('LABORATORIO SOFTWARE APLICADO 1', NULL, '21', 'FTTE020318', 32, TRUE),
            ('B-2 AULA DIBUJO 401', NULL, '40', 'FTTE020402', 32, TRUE),
            ('B-2 AULA 402', NULL, '53', 'FTTE020405', 32, TRUE),
            ('B-2 AULA 403', NULL, '34', 'FTTE020404', 32, TRUE),
            ('4-405 LABORATORIO PRACTICAS LIBRES', NULL, '25', 'FTTE020412', 32, TRUE),
            ('4-403 LABORATORIO DIGITAL', NULL, '31', 'FTTE020413', 32, TRUE),
            ('4-402 LABORATORIO BÁSICO', NULL, '25', 'FTTE020414', 32, TRUE),
            ('4-401 LABORATORIO ANALOGA', NULL, '25', 'FTTE020415', 32, TRUE),
            ('4-404 LABORATORIO ESPECIALIZADO CONTROL Y COMUNICACIONES', NULL, '21', 'FTTE020410', 32, TRUE),
            ('AULA 502', NULL, '53', 'FTTE020505', 32, TRUE),
            ('AULA 503', NULL, '34', 'FTTE020504', 32, TRUE),
            ('LABORATORIO ESPECIALIZADO EN GESTIÓN DE OPERACIÓN LE-IN-02', NULL, '25', 'FTTE020515', 32, TRUE),
            ('LABORATORIO SOFTWARE APLICADO LSA-IN-01', NULL, '25', 'FTTE020514', 32, TRUE),
            ('LABORATORIO ESPECIALIZADO ALTAMENTE AUTOMATIZADO', NULL, '25', 'FTTE020513', 32, TRUE),
            ('AULA SOFTWARE ESPECIALIZADO ELECTRÓNICA 1', NULL, '18', 'FTTE020512', 32, TRUE),
            ('AULA SOFTWARE ESPECIALIZADO ELECTRÓNICA 2', NULL, '15', 'FTTE020511', 32, TRUE),
            ('LABORATORIO ESPECIALIZADO DE ALTA TENSIÓN Y ENSAYOS TERMOELECTRICOS LE-EL-01', NULL, '25', 'FTTE030107', 32, TRUE),
            ('LABORATORIO DE SUELOS Y PAVIMENTOS', NULL, '25', 'FTTE030113', 32, TRUE),
            ('OF. 706 GERENCIA DE PROYECTOS', NULL, NULL, 'FCPO010708', 24, TRUE),
            ('OF. 708 GRUPO DE INVESTIGACION LENGUAJE, CULTURA E IDENTIDAD', NULL, NULL, 'FCPO010710', 24, TRUE),
            ('OF. 709 ESPECIALIZACION EN EDUCACION MATEMATICA', NULL, NULL, 'FCPO010711', 24, TRUE),
            ('PROYECTO CURRICULAR DE LICENCIATURA EN QUIMICA', NULL, NULL, 'FCMA010398', 24, FALSE),
            ('PROYECTO CURRICULAR DE LICENCIATURA EN BIOLOGIA', NULL, NULL, 'FCMA010399', 24, FALSE),
            ('OF. 702 GRUPOS DE INVESTIGACION ESP. DESARROLLO HUMANO ENF. PROCESOS AFECTIVOS Y CREATIVIDAD', NULL, NULL, 'FCPO010704', 24, TRUE),
            ('OF. 704 GRUPO DE INVESTIGACION LECTOESCRINAUTAS -REVISTA COLOMBIAN APPLIED LINGUISTICS', NULL, NULL, 'FCPO010706', 24, TRUE);

        PERFORM setval(
            pg_get_serial_sequence('ual', 'ual_id'),
            (SELECT MAX(ual_id) FROM ual)
        );
    END IF;
END $$;

INSERT INTO rol (nombre)
VALUES
    ('admin'),
    ('coordinador'),
    ('laboratorista'),
    ('docente'),
    ('estudiante')
ON CONFLICT (nombre) DO NOTHING;

INSERT INTO usuario (correo, documento, nombre)
VALUES
    ('acmendeza@udistrital.edu.co', '1024467835', 'Andres Mendez'),
    ('dfvargasa@udistrital.edu.co', '1030683338', 'David Vargas')
ON CONFLICT (documento) DO UPDATE
SET correo = EXCLUDED.correo,
    nombre = EXCLUDED.nombre,
    fecha_modificacion = CURRENT_TIMESTAMP;

INSERT INTO usuario_rol (usuario_id, rol_id, activo)
SELECT u.id, r.id, TRUE
FROM usuario u
JOIN rol r ON r.nombre = 'admin'
WHERE u.documento IN ('1024467835', '1030683338')
ON CONFLICT (usuario_id, rol_id) DO UPDATE
SET activo = TRUE,
    fecha_modificacion = CURRENT_TIMESTAMP;

WITH sources AS (
        SELECT LOWER(TRIM(correo)) AS correo,
                     TRIM(documento)::VARCHAR(50) AS documento,
                     nombre,
                     1 AS priority
        FROM usuario
        WHERE correo IS NOT NULL
            AND TRIM(correo) <> ''
            AND documento IS NOT NULL
            AND TRIM(documento) <> ''

        UNION ALL

        SELECT LOWER(TRIM(correo)) AS correo,
                     TRIM(documento)::VARCHAR(50) AS documento,
                     nombre,
                     2 AS priority
        FROM coordinador
        WHERE correo IS NOT NULL
            AND TRIM(correo) <> ''
            AND documento IS NOT NULL
            AND TRIM(documento) <> ''

        UNION ALL

        SELECT LOWER(TRIM(correo)) AS correo,
                     TRIM(documento)::VARCHAR(50) AS documento,
                     nombre,
                     3 AS priority
        FROM laboratorista
        WHERE correo IS NOT NULL
            AND TRIM(correo) <> ''
            AND documento IS NOT NULL
            AND TRIM(documento) <> ''

),
ranked AS (
        SELECT *,
                     ROW_NUMBER() OVER (PARTITION BY correo ORDER BY priority) AS rn_email,
                     ROW_NUMBER() OVER (PARTITION BY documento ORDER BY priority) AS rn_doc
        FROM sources
)
INSERT INTO usuario (correo, documento, nombre)
SELECT correo, documento, COALESCE(nombre, correo)
FROM ranked
WHERE rn_email = 1
    AND rn_doc = 1
ON CONFLICT (correo) DO UPDATE
SET documento = EXCLUDED.documento,
        nombre = EXCLUDED.nombre,
    fecha_modificacion = CURRENT_TIMESTAMP;

-- Los roles coordinador, laboratorista, docente y estudiante no se activan por seed.
-- Su asociación ocurre en los flujos de negocio:
--   - coordinador: cuando un admin lo registra
--   - laboratorista: cuando un coordinador lo registra
--   - docente/estudiante: cuando el usuario inicia sesión y OATI confirma el perfil activo

-- Menus y permisos base (RBAC).
INSERT INTO menu_item (section, label, route, icon, order_index)
VALUES
    ('primary', 'Inicio', '/milab/inicio', 'bi-house-door', 1),
    ('primary', 'Monitoreo', '/milab/api/dashboard', 'bi-activity', 2),
    ('primary', 'Autorizaciones', '/milab/api/aprobacion_multa', 'bi-clipboard2-check', 3),
    ('primary', 'Solicitar certificado estudiante', '/milab/api/get-data1/verificacion', 'bi-patch-check', 4),
    ('primary', 'Solicitar certificado docente', '/milab/api/verifica_multa_docente/verificacion', 'bi-patch-check', 5),
    ('account', 'Perfil', '/milab/api/profile', 'bi-person-circle', 1)
ON CONFLICT DO NOTHING;

INSERT INTO menu_item (section, label, icon, order_index)
SELECT 'secondary', 'Registro', 'bi-person-plus', 1
WHERE NOT EXISTS (
    SELECT 1 FROM menu_item WHERE section = 'secondary' AND label = 'Registro' AND parent_id IS NULL
);

INSERT INTO menu_item (section, label, icon, order_index)
SELECT 'secondary', 'Consulta y control', 'bi-grid-1x2', 2
WHERE NOT EXISTS (
    SELECT 1 FROM menu_item WHERE section = 'secondary' AND label = 'Consulta y control' AND parent_id IS NULL
);

INSERT INTO menu_item (section, label, icon, order_index)
SELECT 'secondary', 'Paz y Salvos', 'bi-patch-check', 3
WHERE NOT EXISTS (
    SELECT 1 FROM menu_item WHERE section = 'secondary' AND label = 'Paz y Salvos' AND parent_id IS NULL
);

INSERT INTO menu_item (section, label, icon, order_index)
SELECT 'secondary', 'Administración', 'bi-sliders', 5
WHERE NOT EXISTS (
    SELECT 1 FROM menu_item WHERE section = 'secondary' AND label = 'Administración' AND parent_id IS NULL
);

INSERT INTO menu_item (section, label, icon, order_index)
SELECT 'secondary', 'Sanciones', 'bi-shield-exclamation', 4
WHERE NOT EXISTS (
    SELECT 1 FROM menu_item WHERE section = 'secondary' AND label = 'Sanciones' AND parent_id IS NULL
);

INSERT INTO menu_item (section, label, icon, order_index)
SELECT 'secondary', 'Configuración', 'bi-gear', 6
WHERE NOT EXISTS (
    SELECT 1 FROM menu_item WHERE section = 'secondary' AND label = 'Configuración' AND parent_id IS NULL
);

UPDATE menu_item
SET order_index = 5
WHERE section = 'secondary' AND label = 'Administración' AND parent_id IS NULL;

UPDATE menu_item
SET order_index = 4
WHERE section = 'secondary' AND label = 'Sanciones' AND parent_id IS NULL;

UPDATE menu_item
SET order_index = 6
WHERE section = 'secondary' AND label = 'Configuración' AND parent_id IS NULL;

DELETE FROM menu_item child
USING menu_item parent
WHERE parent.id = child.parent_id
    AND parent.section = 'secondary'
    AND parent.label = 'Consultas'
    AND parent.parent_id IS NULL;

DELETE FROM menu_item
WHERE section = 'secondary'
    AND label = 'Consultas'
    AND parent_id IS NULL;

DELETE FROM menu_item child
USING menu_item parent
WHERE parent.id = child.parent_id
    AND parent.section = 'secondary'
    AND parent.label = 'Consulta y control'
    AND parent.parent_id IS NULL
    AND child.section = 'secondary'
    AND child.label = 'Sanciones'
    AND child.route = '/milab/api/get_list_multas';

INSERT INTO menu_item (section, parent_id, label, route, icon, order_index)
SELECT 'secondary', parent.id, 'Registro de coordinadores', '/milab/api/registro_coordinador/load_info', 'bi-person-badge', 1
FROM menu_item parent
WHERE parent.section = 'secondary' AND parent.label = 'Registro' AND parent.parent_id IS NULL
ON CONFLICT DO NOTHING;

INSERT INTO menu_item (section, parent_id, label, route, icon, order_index)
SELECT 'secondary', parent.id, 'Registro de laboratoristas', '/milab/api/register_labs/load_info', 'bi-person-plus', 2
FROM menu_item parent
WHERE parent.section = 'secondary' AND parent.label = 'Registro' AND parent.parent_id IS NULL
ON CONFLICT DO NOTHING;

INSERT INTO menu_item (section, parent_id, label, route, icon, order_index)
SELECT 'secondary', parent.id, 'Certificados', '/milab/api/get_list_estudiantes', 'bi-file-earmark-check', 1
FROM menu_item parent
WHERE parent.section = 'secondary' AND parent.label = 'Consulta y control' AND parent.parent_id IS NULL
ON CONFLICT DO NOTHING;

INSERT INTO menu_item (section, parent_id, label, route, icon, order_index)
SELECT 'secondary', parent.id, 'Consulta masiva', '/milab/api/get_list_estudiantes/get_consulta', 'bi-collection', 2
FROM menu_item parent
WHERE parent.section = 'secondary' AND parent.label = 'Consulta y control' AND parent.parent_id IS NULL
ON CONFLICT DO NOTHING;

INSERT INTO menu_item (section, parent_id, label, route, icon, order_index)
SELECT 'secondary', parent.id, 'Coordinadores registrados', '/milab/api/coordinadores_registrados', 'bi-people', 3
FROM menu_item parent
WHERE parent.section = 'secondary' AND parent.label = 'Consulta y control' AND parent.parent_id IS NULL
ON CONFLICT DO NOTHING;

INSERT INTO menu_item (section, parent_id, label, route, icon, order_index)
SELECT 'secondary', parent.id, 'Estudiantes y docentes registrados', '/milab/api/estudiantes_registrados', 'bi-card-list', 4
FROM menu_item parent
WHERE parent.section = 'secondary' AND parent.label = 'Consulta y control' AND parent.parent_id IS NULL
ON CONFLICT DO NOTHING;

INSERT INTO menu_item (section, parent_id, label, route, icon, order_index)
SELECT 'secondary', parent.id, 'Facultades y UAL', '/milab/api/facultad', 'bi-building', 5
FROM menu_item parent
WHERE parent.section = 'secondary' AND parent.label = 'Consulta y control' AND parent.parent_id IS NULL
ON CONFLICT DO NOTHING;

INSERT INTO menu_item (section, parent_id, label, route, icon, order_index)
SELECT 'secondary', parent.id, 'Logs', '/milab/api/logs', 'bi-journal-text', 6
FROM menu_item parent
WHERE parent.section = 'secondary' AND parent.label = 'Consulta y control' AND parent.parent_id IS NULL
ON CONFLICT DO NOTHING;

INSERT INTO menu_item (section, parent_id, label, route, icon, order_index)
SELECT 'secondary', parent.id, 'Laboratoristas registrados', '/milab/api/laboratoristas_registrados', 'bi-person-workspace', 7
FROM menu_item parent
WHERE parent.section = 'secondary' AND parent.label = 'Consulta y control' AND parent.parent_id IS NULL
ON CONFLICT DO NOTHING;

INSERT INTO menu_item (section, parent_id, label, route, icon, order_index)
SELECT 'secondary', parent.id, 'Agregar admin', '/milab/api/admins/load_info', 'bi-person-gear', 9
FROM menu_item parent
WHERE parent.section = 'secondary' AND parent.label = 'Consulta y control' AND parent.parent_id IS NULL
ON CONFLICT DO NOTHING;

INSERT INTO menu_item (section, parent_id, label, route, icon, order_index)
SELECT 'secondary', parent.id, 'Listado de sanciones', '/milab/api/get_list_multas', 'bi-shield-exclamation', 8
FROM menu_item parent
WHERE parent.section = 'secondary' AND parent.label = 'Consulta y control' AND parent.parent_id IS NULL
ON CONFLICT DO NOTHING;

UPDATE menu_item child
SET label = 'Listado de sanciones'
FROM menu_item parent
WHERE parent.id = child.parent_id
    AND parent.section = 'secondary'
    AND parent.label = 'Consulta y control'
    AND parent.parent_id IS NULL
    AND child.section = 'secondary'
    AND child.route = '/milab/api/get_list_multas'
    AND child.label = 'Sanciones';

INSERT INTO menu_item (section, parent_id, label, route, icon, order_index)
SELECT 'secondary', parent.id, 'Verificar estudiante', '/milab/api/verificar_estudiante', 'bi-person-check', 1
FROM menu_item parent
WHERE parent.section = 'secondary' AND parent.label = 'Paz y Salvos' AND parent.parent_id IS NULL
ON CONFLICT DO NOTHING;

INSERT INTO menu_item (section, parent_id, label, route, icon, order_index)
SELECT 'secondary', parent.id, 'Verificar docente', '/milab/api/verificar_docente', 'bi-person-vcard', 2
FROM menu_item parent
WHERE parent.section = 'secondary' AND parent.label = 'Paz y Salvos' AND parent.parent_id IS NULL
ON CONFLICT DO NOTHING;

UPDATE menu_item child
SET parent_id = parent.id,
        order_index = CASE child.label
                WHEN 'Sanciones de estudiantes' THEN 1
                WHEN 'Sanciones de docentes' THEN 2
                ELSE child.order_index
        END
FROM menu_item parent
WHERE parent.section = 'secondary'
    AND parent.label = 'Sanciones'
    AND parent.parent_id IS NULL
    AND child.section = 'secondary'
    AND child.label IN ('Sanciones de estudiantes', 'Sanciones de docentes')
    AND child.parent_id IS DISTINCT FROM parent.id
    AND NOT EXISTS (
            SELECT 1
            FROM menu_item sibling
            WHERE sibling.section = 'secondary'
                AND sibling.parent_id = parent.id
                AND sibling.label = child.label
                AND sibling.route IS NOT DISTINCT FROM child.route
    );

DELETE FROM menu_item child
USING menu_item parent
WHERE parent.section = 'secondary'
    AND parent.label = 'Administración'
    AND parent.parent_id IS NULL
    AND child.section = 'secondary'
    AND child.parent_id = parent.id
    AND child.label IN ('Sanciones de estudiantes', 'Sanciones de docentes');

INSERT INTO menu_item (section, parent_id, label, route, icon, order_index)
SELECT 'secondary', parent.id, 'Sanciones de estudiantes', '/milab/api/get-info-multa/get', 'bi-mortarboard', 1
FROM menu_item parent
WHERE parent.section = 'secondary'
    AND parent.label = 'Sanciones'
    AND parent.parent_id IS NULL
    AND NOT EXISTS (
            SELECT 1
            FROM menu_item existing
            WHERE existing.section = 'secondary'
                AND existing.parent_id = parent.id
                AND existing.label = 'Sanciones de estudiantes'
                AND existing.route = '/milab/api/get-info-multa/get'
    );

INSERT INTO menu_item (section, parent_id, label, route, icon, order_index)
SELECT 'secondary', parent.id, 'Sanciones de docentes', '/milab/api/get-info-multa-docente/get', 'bi-person-lines-fill', 2
FROM menu_item parent
WHERE parent.section = 'secondary'
    AND parent.label = 'Sanciones'
    AND parent.parent_id IS NULL
    AND NOT EXISTS (
            SELECT 1
            FROM menu_item existing
            WHERE existing.section = 'secondary'
                AND existing.parent_id = parent.id
                AND existing.label = 'Sanciones de docentes'
                AND existing.route = '/milab/api/get-info-multa-docente/get'
    );

INSERT INTO menu_item (section, parent_id, label, route, icon, order_index)
SELECT 'secondary', parent.id, 'Permisos y menus', '/milab/api/admin/menus', 'bi-sliders', 1
FROM menu_item parent
WHERE parent.section = 'secondary' AND parent.label = 'Configuración' AND parent.parent_id IS NULL
ON CONFLICT DO NOTHING;

DELETE FROM rol_permiso rp
USING rol r, menu_item mi
WHERE rp.rol_id = r.id
    AND rp.menu_item_id = mi.id
    AND r.nombre = 'laboratorista'
    AND mi.section = 'secondary'
    AND mi.label = 'Administración'
    AND mi.parent_id IS NULL;

WITH role_map AS (SELECT id, nombre FROM rol),
menu_map AS (SELECT id, label, route, section, parent_id FROM menu_item)
INSERT INTO rol_permiso (rol_id, menu_item_id)
SELECT role_map.id, menu_map.id
FROM role_map
JOIN menu_map ON menu_map.section = 'primary'
WHERE (
    role_map.nombre IN ('admin', 'coordinador', 'laboratorista', 'estudiante', 'docente')
    AND menu_map.label = 'Inicio'
) OR (
    role_map.nombre IN ('admin', 'coordinador', 'laboratorista') AND menu_map.label = 'Monitoreo'
) OR (
    role_map.nombre = 'coordinador' AND menu_map.label = 'Autorizaciones'
) OR (
    role_map.nombre = 'estudiante' AND menu_map.label = 'Solicitar certificado estudiante'
) OR (
    role_map.nombre = 'docente' AND menu_map.label = 'Solicitar certificado docente'
)
ON CONFLICT DO NOTHING;

WITH role_map AS (SELECT id, nombre FROM rol),
menu_map AS (SELECT id, label, route, section, parent_id FROM menu_item)
INSERT INTO rol_permiso (rol_id, menu_item_id)
SELECT role_map.id, menu_map.id
FROM role_map
JOIN menu_map ON menu_map.section = 'account'
WHERE role_map.nombre IN ('admin', 'coordinador', 'laboratorista', 'estudiante', 'docente')
ON CONFLICT DO NOTHING;

WITH role_map AS (SELECT id, nombre FROM rol),
menu_map AS (SELECT id, label, route, section, parent_id FROM menu_item)
INSERT INTO rol_permiso (rol_id, menu_item_id)
SELECT role_map.id, menu_map.id
FROM role_map
JOIN menu_map ON menu_map.section = 'secondary'
WHERE (
    role_map.nombre = 'admin' AND menu_map.label IN (
        'Registro',
        'Registro de coordinadores',
        'Registro de laboratoristas',
        'Consulta y control',
        'Certificados',
        'Consulta masiva',
        'Listado de sanciones',
        'Coordinadores registrados',
        'Estudiantes y docentes registrados',
        'Facultades y UAL',
        'Logs',
        'Laboratoristas registrados',
        'Agregar admin',
        'Sanciones',
        'Paz y Salvos',
        'Verificar estudiante',
        'Verificar docente'
    )
) OR (
    role_map.nombre = 'coordinador' AND menu_map.label IN (
        'Registro',
        'Registro de laboratoristas',
        'Consulta y control',
        'Consulta masiva',
        'Listado de sanciones',
        'Estudiantes y docentes registrados',
        'Laboratoristas registrados',
        'Sanciones',
        'Paz y Salvos',
        'Verificar estudiante',
        'Verificar docente'
    )
) OR (
    role_map.nombre = 'laboratorista' AND menu_map.label IN (
        'Consulta y control',
        'Consulta masiva',
        'Listado de sanciones',
        'Sanciones',
        'Sanciones de estudiantes',
        'Sanciones de docentes',
        'Paz y Salvos',
        'Verificar estudiante',
        'Verificar docente'
    )
)
OR (
    role_map.nombre = 'admin' AND menu_map.label IN (
        'Configuración',
        'Permisos y menus'
    )
)
ON CONFLICT DO NOTHING;